Class	Category	Original_ID	ENCODE_Target	Cell_Line	Experiment	Assay	Selected_File	Assembly	Output_Type	Biological_Replicates	Date_For_Choice	Date_Released	Date_Created	Download_URL	Experiment_Link	File_Link
positive_only	RBP	PCBP1	PCBP1	HepG2	ENCSR256CHX	eCLIP	ENCFF098REE	GRCh38	peaks	1,2	2018-08-30	2018-08-30	2018-12-03T15:25:00.672373+00:00	https://www.encodeproject.org/files/ENCFF098REE/@@download/ENCFF098REE.bed.gz	https://www.encodeproject.org/experiments/ENCSR256CHX/	https://www.encodeproject.org/files/ENCFF098REE/
positive_only	RBP	PCBP2	PCBP2	HepG2	ENCSR339FUY	eCLIP	ENCFF642GNE	GRCh38	peaks	1,2	2015-11-09	2015-11-09	2018-12-03T15:16:59.821251+00:00	https://www.encodeproject.org/files/ENCFF642GNE/@@download/ENCFF642GNE.bed.gz	https://www.encodeproject.org/experiments/ENCSR339FUY/	https://www.encodeproject.org/files/ENCFF642GNE/
positive_only	RBP	SF3B4	SF3B4	HepG2	ENCSR279UJF	eCLIP	ENCFF073IJF	GRCh38	peaks	1,2	2015-11-09	2015-11-09	2018-12-03T15:13:59.776668+00:00	https://www.encodeproject.org/files/ENCFF073IJF/@@download/ENCFF073IJF.bed.gz	https://www.encodeproject.org/experiments/ENCSR279UJF/	https://www.encodeproject.org/files/ENCFF073IJF/
positive_only	RBP	SFPQ	SFPQ	HepG2	ENCSR965DLL	eCLIP	ENCFF139NXB	GRCh38	peaks	1,2	2016-04-26	2016-04-26	2018-12-03T15:18:42.504104+00:00	https://www.encodeproject.org/files/ENCFF139NXB/@@download/ENCFF139NXB.bed.gz	https://www.encodeproject.org/experiments/ENCSR965DLL/	https://www.encodeproject.org/files/ENCFF139NXB/
positive_only	RBP	SRSF9	SRSF9	HepG2	ENCSR773KRC	eCLIP	ENCFF765PIF	GRCh38	peaks	1,2	2015-07-15	2015-07-15	2018-12-03T15:13:32.620311+00:00	https://www.encodeproject.org/files/ENCFF765PIF/@@download/ENCFF765PIF.bed.gz	https://www.encodeproject.org/experiments/ENCSR773KRC/	https://www.encodeproject.org/files/ENCFF765PIF/
positive_only	RBP	MBNL1	MBNL1	K562	ENCSR497XZI	eCLIP	ENCFF603WDI	GRCh38	peaks	1,2	2022-07-19	2022-07-19	2022-01-12T21:47:01.666107+00:00	https://www.encodeproject.org/files/ENCFF603WDI/@@download/ENCFF603WDI.bed.gz	https://www.encodeproject.org/experiments/ENCSR497XZI/	https://www.encodeproject.org/files/ENCFF603WDI/
positive_only	RBP	NONO	NONO	K562	ENCSR861PAR	eCLIP	ENCFF730QRI	GRCh38	peaks	1,2	2015-11-09	2015-11-09	2018-12-03T15:17:52.085088+00:00	https://www.encodeproject.org/files/ENCFF730QRI/@@download/ENCFF730QRI.bed.gz	https://www.encodeproject.org/experiments/ENCSR861PAR/	https://www.encodeproject.org/files/ENCFF730QRI/
positive_only	RBP	PCBP1	PCBP1	K562	ENCSR922WJV	eCLIP	ENCFF900IOH	GRCh38	peaks	1,2	2018-08-30	2018-08-30	2018-12-03T15:25:46.127556+00:00	https://www.encodeproject.org/files/ENCFF900IOH/@@download/ENCFF900IOH.bed.gz	https://www.encodeproject.org/experiments/ENCSR922WJV/	https://www.encodeproject.org/files/ENCFF900IOH/
positive_only	RBP	SF3B4	SF3B4	K562	ENCSR267OLV	eCLIP	ENCFF649GEE	GRCh38	peaks	1,2	2016-04-26	2016-04-26	2018-12-03T15:20:27.886092+00:00	https://www.encodeproject.org/files/ENCFF649GEE/@@download/ENCFF649GEE.bed.gz	https://www.encodeproject.org/experiments/ENCSR267OLV/	https://www.encodeproject.org/files/ENCFF649GEE/
positive_only	RBP	SRSF9	SRSF9	K562	ENCSR381VNR	eCLIP	ENCFF781BNS	GRCh38	peaks	1,2	2022-07-19	2022-07-19	2022-01-12T21:45:25.163354+00:00	https://www.encodeproject.org/files/ENCFF781BNS/@@download/ENCFF781BNS.bed.gz	https://www.encodeproject.org/experiments/ENCSR381VNR/	https://www.encodeproject.org/files/ENCFF781BNS/
positive_only	TF	E2F8	E2F8	GM12878	ENCSR793HVL	TF ChIP-seq	ENCFF412GFI	GRCh38	optimal IDR thresholded peaks	1,2	2018-01-26	2018-01-26	2016-10-24T16:01:28.050515+00:00	https://www.encodeproject.org/files/ENCFF412GFI/@@download/ENCFF412GFI.bed.gz	https://www.encodeproject.org/experiments/ENCSR793HVL/	https://www.encodeproject.org/files/ENCFF412GFI/
positive_only	TF	KLF5	KLF5	GM12878	ENCSR974OFJ	TF ChIP-seq	ENCFF417WPC	GRCh38	optimal IDR thresholded peaks	1,2	2014-07-07	2014-07-07	2016-10-31T16:08:18.010071+00:00	https://www.encodeproject.org/files/ENCFF417WPC/@@download/ENCFF417WPC.bed.gz	https://www.encodeproject.org/experiments/ENCSR974OFJ/	https://www.encodeproject.org/files/ENCFF417WPC/
positive_only	TF	REST	REST	GM12878	ENCSR000BQS	TF ChIP-seq	ENCFF313CII	GRCh38	optimal IDR thresholded peaks	1,2	2012-02-29	2012-02-29	2016-12-16T08:43:10.258304+00:00	https://www.encodeproject.org/files/ENCFF313CII/@@download/ENCFF313CII.bed.gz	https://www.encodeproject.org/experiments/ENCSR000BQS/	https://www.encodeproject.org/files/ENCFF313CII/
positive_only	TF	E2F8	E2F8	HepG2	ENCSR634GEO	TF ChIP-seq	ENCFF780JMA	GRCh38	IDR thresholded peaks	1,2	2022-08-15	2022-08-15	2022-07-23T00:59:10.166728+00:00	https://www.encodeproject.org/files/ENCFF780JMA/@@download/ENCFF780JMA.bed.gz	https://www.encodeproject.org/experiments/ENCSR634GEO/	https://www.encodeproject.org/files/ENCFF780JMA/
positive_only	TF	KLF11	KLF11	HepG2	ENCSR616OSG	TF ChIP-seq	ENCFF443QKY	GRCh38	optimal IDR thresholded peaks	1,2	2016-11-08	2016-11-08	2016-11-07T22:50:46.381873+00:00	https://www.encodeproject.org/files/ENCFF443QKY/@@download/ENCFF443QKY.bed.gz	https://www.encodeproject.org/experiments/ENCSR616OSG/	https://www.encodeproject.org/files/ENCFF443QKY/
positive_only	TF	KLF12	KLF12	HepG2	ENCSR552YWL	TF ChIP-seq	ENCFF124UUN	GRCh38	IDR thresholded peaks	1,2	2020-07-08	2020-07-08	2020-07-07T22:58:28.828359+00:00	https://www.encodeproject.org/files/ENCFF124UUN/@@download/ENCFF124UUN.bed.gz	https://www.encodeproject.org/experiments/ENCSR552YWL/	https://www.encodeproject.org/files/ENCFF124UUN/
positive_only	TF	KLF13	KLF13	HepG2	ENCSR756SZU	TF ChIP-seq	ENCFF494FXL	GRCh38	IDR thresholded peaks	1,2	2020-08-17	2020-08-17	2020-05-14T18:21:57.302163+00:00	https://www.encodeproject.org/files/ENCFF494FXL/@@download/ENCFF494FXL.bed.gz	https://www.encodeproject.org/experiments/ENCSR756SZU/	https://www.encodeproject.org/files/ENCFF494FXL/
positive_only	TF	KLF15	KLF15	HepG2	ENCSR860ONE	TF ChIP-seq	ENCFF663PTR	GRCh38	IDR thresholded peaks	1,2	2023-01-19	2023-01-19	2023-01-10T16:56:27.512391+00:00	https://www.encodeproject.org/files/ENCFF663PTR/@@download/ENCFF663PTR.bed.gz	https://www.encodeproject.org/experiments/ENCSR860ONE/	https://www.encodeproject.org/files/ENCFF663PTR/
positive_only	TF	KLF16	KLF16	HepG2	ENCSR913KJZ	TF ChIP-seq	ENCFF194QYM	GRCh38	IDR thresholded peaks	1,2	2023-01-10	2023-01-10	2022-07-23T00:38:13.392877+00:00	https://www.encodeproject.org/files/ENCFF194QYM/@@download/ENCFF194QYM.bed.gz	https://www.encodeproject.org/experiments/ENCSR913KJZ/	https://www.encodeproject.org/files/ENCFF194QYM/
positive_only	TF	MYRF	MYRF	HepG2	ENCSR792MZV	TF ChIP-seq	ENCFF158PPW	GRCh38	optimal IDR thresholded peaks	1,2	2018-02-10	2018-02-10	2018-02-09T17:48:07.109881+00:00	https://www.encodeproject.org/files/ENCFF158PPW/@@download/ENCFF158PPW.bed.gz	https://www.encodeproject.org/experiments/ENCSR792MZV/	https://www.encodeproject.org/files/ENCFF158PPW/
positive_only	TF	REST	REST	HepG2	ENCSR000BOT	TF ChIP-seq	ENCFF669XCW	GRCh38	optimal IDR thresholded peaks	1,2	2012-02-29	2012-02-29	2016-12-16T08:42:37.758550+00:00	https://www.encodeproject.org/files/ENCFF669XCW/@@download/ENCFF669XCW.bed.gz	https://www.encodeproject.org/experiments/ENCSR000BOT/	https://www.encodeproject.org/files/ENCFF669XCW/
positive_only	TF	SP1	SP1	HepG2	ENCSR460YAM	TF ChIP-seq	ENCFF333SWC	GRCh38	IDR thresholded peaks	1,2	2020-07-09	2020-07-09	2020-07-06T15:49:39.088366+00:00	https://www.encodeproject.org/files/ENCFF333SWC/@@download/ENCFF333SWC.bed.gz	https://www.encodeproject.org/experiments/ENCSR460YAM/	https://www.encodeproject.org/files/ENCFF333SWC/
positive_only	TF	SP4	SP4	HepG2	ENCSR642PQK	TF ChIP-seq	ENCFF938KVY	GRCh38	IDR thresholded peaks	1,2	2023-01-06	2023-01-06	2022-12-21T08:31:25.541277+00:00	https://www.encodeproject.org/files/ENCFF938KVY/@@download/ENCFF938KVY.bed.gz	https://www.encodeproject.org/experiments/ENCSR642PQK/	https://www.encodeproject.org/files/ENCFF938KVY/
positive_only	TF	ZNF180	ZNF180	HepG2	ENCSR298DSB	TF ChIP-seq	ENCFF405YXO	GRCh38	IDR thresholded peaks	1,2	2020-07-08	2020-07-08	2020-06-30T21:42:47.433130+00:00	https://www.encodeproject.org/files/ENCFF405YXO/@@download/ENCFF405YXO.bed.gz	https://www.encodeproject.org/experiments/ENCSR298DSB/	https://www.encodeproject.org/files/ENCFF405YXO/
positive_only	TF	ZNF30	ZNF30	HepG2	ENCSR891KNP	TF ChIP-seq	ENCFF290UUF	GRCh38	IDR thresholded peaks	1,2	2020-06-30	2020-06-30	2020-06-30T06:18:00.796354+00:00	https://www.encodeproject.org/files/ENCFF290UUF/@@download/ENCFF290UUF.bed.gz	https://www.encodeproject.org/experiments/ENCSR891KNP/	https://www.encodeproject.org/files/ENCFF290UUF/
positive_only	TF	ZNF441	ZNF441	HepG2	ENCSR673GDQ	TF ChIP-seq	ENCFF924VAH	GRCh38	IDR thresholded peaks	1,2	2021-02-25	2021-02-25	2021-02-12T00:47:03.671740+00:00	https://www.encodeproject.org/files/ENCFF924VAH/@@download/ENCFF924VAH.bed.gz	https://www.encodeproject.org/experiments/ENCSR673GDQ/	https://www.encodeproject.org/files/ENCFF924VAH/
positive_only	TF	ZNF564	ZNF564	HepG2	ENCSR397EOT	TF ChIP-seq	ENCFF310IWF	GRCh38	IDR thresholded peaks	1,2	2023-01-06	2023-01-06	2022-12-19T20:48:22.456963+00:00	https://www.encodeproject.org/files/ENCFF310IWF/@@download/ENCFF310IWF.bed.gz	https://www.encodeproject.org/experiments/ENCSR397EOT/	https://www.encodeproject.org/files/ENCFF310IWF/
positive_only	TF	ZNF704	ZNF704	HepG2	ENCSR523RGJ	TF ChIP-seq	ENCFF155NXO	GRCh38	IDR thresholded peaks	1,2	2023-01-06	2023-01-06	2022-12-19T19:09:59.107849+00:00	https://www.encodeproject.org/files/ENCFF155NXO/@@download/ENCFF155NXO.bed.gz	https://www.encodeproject.org/experiments/ENCSR523RGJ/	https://www.encodeproject.org/files/ENCFF155NXO/
positive_only	TF	E2F8	E2F8	K562	ENCSR953DVM	TF ChIP-seq	ENCFF171WWF	GRCh38	optimal IDR thresholded peaks	1,2	2018-01-26	2018-01-26	2016-10-24T16:07:59.059437+00:00	https://www.encodeproject.org/files/ENCFF171WWF/@@download/ENCFF171WWF.bed.gz	https://www.encodeproject.org/experiments/ENCSR953DVM/	https://www.encodeproject.org/files/ENCFF171WWF/
positive_only	TF	KLF13	KLF13	K562	ENCSR608HVP	TF ChIP-seq	ENCFF381GEK	GRCh38	optimal IDR thresholded peaks	1,2	2016-03-02	2016-03-02	2016-10-28T19:01:22.203426+00:00	https://www.encodeproject.org/files/ENCFF381GEK/@@download/ENCFF381GEK.bed.gz	https://www.encodeproject.org/experiments/ENCSR608HVP/	https://www.encodeproject.org/files/ENCFF381GEK/
positive_only	TF	KLF16	KLF16	K562	ENCSR760UVO	TF ChIP-seq	ENCFF379LKE	GRCh38	optimal IDR thresholded peaks	1,2	2016-09-12	2016-09-12	2016-10-31T15:44:08.067773+00:00	https://www.encodeproject.org/files/ENCFF379LKE/@@download/ENCFF379LKE.bed.gz	https://www.encodeproject.org/experiments/ENCSR760UVO/	https://www.encodeproject.org/files/ENCFF379LKE/
positive_only	TF	REST	REST	K562	ENCSR054JMQ	TF ChIP-seq	ENCFF118ECK	GRCh38	IDR thresholded peaks	1,2	2020-07-08	2020-07-08	2020-07-01T00:24:11.981847+00:00	https://www.encodeproject.org/files/ENCFF118ECK/@@download/ENCFF118ECK.bed.gz	https://www.encodeproject.org/experiments/ENCSR054JMQ/	https://www.encodeproject.org/files/ENCFF118ECK/
positive_only	TF	SP1	SP1	K562	ENCSR372IML	TF ChIP-seq	ENCFF412ERW	GRCh38	IDR thresholded peaks	1,2	2022-09-30	2022-09-30	2022-09-03T21:12:45.709036+00:00	https://www.encodeproject.org/files/ENCFF412ERW/@@download/ENCFF412ERW.bed.gz	https://www.encodeproject.org/experiments/ENCSR372IML/	https://www.encodeproject.org/files/ENCFF412ERW/
both	RBP	FXR2	FXR2	HepG2	ENCSR973HOJ	eCLIP	ENCFF112MVG	GRCh38	peaks	1,2	2018-08-30	2018-08-30	2018-12-03T15:25:39.057997+00:00	https://www.encodeproject.org/files/ENCFF112MVG/@@download/ENCFF112MVG.bed.gz	https://www.encodeproject.org/experiments/ENCSR973HOJ/	https://www.encodeproject.org/files/ENCFF112MVG/
both	RBP	HNRNPC	HNRNPC	HepG2	ENCSR550DVK	eCLIP	ENCFF440ROZ	GRCh38	peaks	1,2	2015-11-09	2015-11-09	2018-12-03T15:13:04.816294+00:00	https://www.encodeproject.org/files/ENCFF440ROZ/@@download/ENCFF440ROZ.bed.gz	https://www.encodeproject.org/experiments/ENCSR550DVK/	https://www.encodeproject.org/files/ENCFF440ROZ/
both	RBP	HNRNPL	HNRNPL	HepG2	ENCSR724RDN	eCLIP	ENCFF266TKW	GRCh38	peaks	1,2	2017-12-04	2017-12-04	2018-12-03T15:24:25.661230+00:00	https://www.encodeproject.org/files/ENCFF266TKW/@@download/ENCFF266TKW.bed.gz	https://www.encodeproject.org/experiments/ENCSR724RDN/	https://www.encodeproject.org/files/ENCFF266TKW/
both	RBP	PABPN1	PABPN1	HepG2	ENCSR820UYE	eCLIP	ENCFF709FEU	GRCh38	peaks	1,2	2018-08-30	2018-08-30	2018-12-03T15:26:33.303341+00:00	https://www.encodeproject.org/files/ENCFF709FEU/@@download/ENCFF709FEU.bed.gz	https://www.encodeproject.org/experiments/ENCSR820UYE/	https://www.encodeproject.org/files/ENCFF709FEU/
both	RBP	PTBP1	PTBP1	HepG2	ENCSR384KAN	eCLIP	ENCFF726SQU	GRCh38	peaks	1,2	2016-09-21	2016-09-21	2018-12-03T15:25:14.764953+00:00	https://www.encodeproject.org/files/ENCFF726SQU/@@download/ENCFF726SQU.bed.gz	https://www.encodeproject.org/experiments/ENCSR384KAN/	https://www.encodeproject.org/files/ENCFF726SQU/
both	RBP	RBM5	RBM5	HepG2	ENCSR489ABS	eCLIP	ENCFF927KRA	GRCh38	peaks	1,2	2017-08-15	2017-08-15	2018-12-03T15:20:18.493665+00:00	https://www.encodeproject.org/files/ENCFF927KRA/@@download/ENCFF927KRA.bed.gz	https://www.encodeproject.org/experiments/ENCSR489ABS/	https://www.encodeproject.org/files/ENCFF927KRA/
both	RBP	TIA1	TIA1	HepG2	ENCSR623VEQ	eCLIP	ENCFF759KCD	GRCh38	peaks	1,2	2015-07-15	2015-07-15	2018-12-03T15:13:29.158489+00:00	https://www.encodeproject.org/files/ENCFF759KCD/@@download/ENCFF759KCD.bed.gz	https://www.encodeproject.org/experiments/ENCSR623VEQ/	https://www.encodeproject.org/files/ENCFF759KCD/
both	RBP	U2AF2	U2AF2	HepG2	ENCSR202BFN	eCLIP	ENCFF721PWF	GRCh38	peaks	1,2	2015-11-09	2015-11-09	2018-12-03T15:14:59.776310+00:00	https://www.encodeproject.org/files/ENCFF721PWF/@@download/ENCFF721PWF.bed.gz	https://www.encodeproject.org/experiments/ENCSR202BFN/	https://www.encodeproject.org/files/ENCFF721PWF/
both	RBP	CPEB4	CPEB4	K562	ENCSR046JHH	eCLIP	ENCFF665BGJ	GRCh38	peaks	1,2	2018-08-30	2018-08-30	2018-12-03T15:25:25.413759+00:00	https://www.encodeproject.org/files/ENCFF665BGJ/@@download/ENCFF665BGJ.bed.gz	https://www.encodeproject.org/experiments/ENCSR046JHH/	https://www.encodeproject.org/files/ENCFF665BGJ/
both	RBP	FMR1	FMR1	K562	ENCSR554UVB	eCLIP	ENCFF630KXK	GRCh38	peaks	1,2	2022-07-19	2022-07-19	2022-01-12T21:46:38.209791+00:00	https://www.encodeproject.org/files/ENCFF630KXK/@@download/ENCFF630KXK.bed.gz	https://www.encodeproject.org/experiments/ENCSR554UVB/	https://www.encodeproject.org/files/ENCFF630KXK/
both	RBP	FXR2	FXR2	K562	ENCSR767OEY	eCLIP	ENCFF111LMZ	GRCh38	peaks	1,2	2022-07-19	2022-07-19	2022-01-12T21:45:43.445313+00:00	https://www.encodeproject.org/files/ENCFF111LMZ/@@download/ENCFF111LMZ.bed.gz	https://www.encodeproject.org/experiments/ENCSR767OEY/	https://www.encodeproject.org/files/ENCFF111LMZ/
both	RBP	HNRNPC	HNRNPC	K562	ENCSR249ROI	eCLIP	ENCFF167CDB	GRCh38	peaks	1,2	2018-08-30	2018-08-30	2018-12-03T15:25:21.932713+00:00	https://www.encodeproject.org/files/ENCFF167CDB/@@download/ENCFF167CDB.bed.gz	https://www.encodeproject.org/experiments/ENCSR249ROI/	https://www.encodeproject.org/files/ENCFF167CDB/
both	RBP	HNRNPL	HNRNPL	K562	ENCSR795CAI	eCLIP	ENCFF917CBK	GRCh38	peaks	1,2	2017-12-04	2017-12-04	2018-12-03T15:21:55.390141+00:00	https://www.encodeproject.org/files/ENCFF917CBK/@@download/ENCFF917CBK.bed.gz	https://www.encodeproject.org/experiments/ENCSR795CAI/	https://www.encodeproject.org/files/ENCFF917CBK/
both	RBP	KHDRBS1	KHDRBS1	K562	ENCSR628IDK	eCLIP	ENCFF027UTH	GRCh38	peaks	1,2	2015-11-09	2015-11-09	2018-12-03T15:17:10.212752+00:00	https://www.encodeproject.org/files/ENCFF027UTH/@@download/ENCFF027UTH.bed.gz	https://www.encodeproject.org/experiments/ENCSR628IDK/	https://www.encodeproject.org/files/ENCFF027UTH/
both	RBP	PABPC4	PABPC4	K562	ENCSR958FKZ	eCLIP	ENCFF452MJL	GRCh38	peaks	1,2	2018-08-30	2018-08-30	2018-12-03T15:17:55.739411+00:00	https://www.encodeproject.org/files/ENCFF452MJL/@@download/ENCFF452MJL.bed.gz	https://www.encodeproject.org/experiments/ENCSR958FKZ/	https://www.encodeproject.org/files/ENCFF452MJL/
both	RBP	PTBP1	PTBP1	K562	ENCSR981WKN	eCLIP	ENCFF907HNN	GRCh38	peaks	1,2	2015-11-09	2015-11-09	2018-12-03T15:17:23.829015+00:00	https://www.encodeproject.org/files/ENCFF907HNN/@@download/ENCFF907HNN.bed.gz	https://www.encodeproject.org/experiments/ENCSR981WKN/	https://www.encodeproject.org/files/ENCFF907HNN/
both	RBP	TIA1	TIA1	K562	ENCSR057DWB	eCLIP	ENCFF918KMT	GRCh38	peaks	1,2	2016-08-19	2016-08-19	2018-12-03T15:15:43.229455+00:00	https://www.encodeproject.org/files/ENCFF918KMT/@@download/ENCFF918KMT.bed.gz	https://www.encodeproject.org/experiments/ENCSR057DWB/	https://www.encodeproject.org/files/ENCFF918KMT/
both	RBP	U2AF2	U2AF2	K562	ENCSR893RAV	eCLIP	ENCFF290DFO	GRCh38	peaks	1,2	2015-07-15	2015-07-15	2018-12-03T15:14:22.869863+00:00	https://www.encodeproject.org/files/ENCFF290DFO/@@download/ENCFF290DFO.bed.gz	https://www.encodeproject.org/experiments/ENCSR893RAV/	https://www.encodeproject.org/files/ENCFF290DFO/
both	TF	EGR1	EGR1	GM12878	ENCSR000BMQ	TF ChIP-seq	ENCFF637UJN	GRCh38	IDR thresholded peaks	1,2	2011-07-18	2011-07-18	2020-12-11T03:38:33.612618+00:00	https://www.encodeproject.org/files/ENCFF637UJN/@@download/ENCFF637UJN.bed.gz	https://www.encodeproject.org/experiments/ENCSR000BMQ/	https://www.encodeproject.org/files/ENCFF637UJN/
both	TF	TCF3	TCF3	GM12878	ENCSR000BQT	TF ChIP-seq	ENCFF700TAS	GRCh38	IDR thresholded peaks	1,2	2012-02-29	2012-02-29	2020-12-11T02:06:02.528903+00:00	https://www.encodeproject.org/files/ENCFF700TAS/@@download/ENCFF700TAS.bed.gz	https://www.encodeproject.org/experiments/ENCSR000BQT/	https://www.encodeproject.org/files/ENCFF700TAS/
both	TF	ZEB1	ZEB1	GM12878	ENCSR000BND	TF ChIP-seq	ENCFF204LCG	GRCh38	optimal IDR thresholded peaks	1,2	2011-07-18	2011-07-18	2016-12-16T18:08:25.893519+00:00	https://www.encodeproject.org/files/ENCFF204LCG/@@download/ENCFF204LCG.bed.gz	https://www.encodeproject.org/experiments/ENCSR000BND/	https://www.encodeproject.org/files/ENCFF204LCG/
both	TF	ZNF24	ZNF24	GM12878	ENCSR072PWP	TF ChIP-seq	ENCFF313HBL	GRCh38	optimal IDR thresholded peaks	1,2	2017-06-26	2017-06-26	2017-06-24T02:07:12.580089+00:00	https://www.encodeproject.org/files/ENCFF313HBL/@@download/ENCFF313HBL.bed.gz	https://www.encodeproject.org/experiments/ENCSR072PWP/	https://www.encodeproject.org/files/ENCFF313HBL/
both	TF	ZNF384	ZNF384	GM12878	ENCSR000DYP	TF ChIP-seq	ENCFF942MDT	GRCh38	optimal IDR thresholded peaks	1,2	2012-08-20	2012-08-20	2017-07-19T02:18:52.500712+00:00	https://www.encodeproject.org/files/ENCFF942MDT/@@download/ENCFF942MDT.bed.gz	https://www.encodeproject.org/experiments/ENCSR000DYP/	https://www.encodeproject.org/files/ENCFF942MDT/
both	TF	BCL6	BCL6	HepG2	ENCSR759BDG	TF ChIP-seq	ENCFF014UTU	GRCh38	optimal IDR thresholded peaks	1,2	2016-11-08	2016-11-08	2016-11-08T19:03:05.410492+00:00	https://www.encodeproject.org/files/ENCFF014UTU/@@download/ENCFF014UTU.bed.gz	https://www.encodeproject.org/experiments/ENCSR759BDG/	https://www.encodeproject.org/files/ENCFF014UTU/
both	TF	EGR1	EGR1	HepG2	ENCSR026GSW	TF ChIP-seq	ENCFF603PUS	GRCh38	IDR thresholded peaks	1,2	2020-10-22	2020-10-22	2020-10-21T00:01:26.270437+00:00	https://www.encodeproject.org/files/ENCFF603PUS/@@download/ENCFF603PUS.bed.gz	https://www.encodeproject.org/experiments/ENCSR026GSW/	https://www.encodeproject.org/files/ENCFF603PUS/
both	TF	ISX	ISX	HepG2	ENCSR543BNN	TF ChIP-seq	ENCFF085ZKR	GRCh38	IDR thresholded peaks	1,2	2020-07-14	2020-07-14	2020-07-09T07:41:25.189213+00:00	https://www.encodeproject.org/files/ENCFF085ZKR/@@download/ENCFF085ZKR.bed.gz	https://www.encodeproject.org/experiments/ENCSR543BNN/	https://www.encodeproject.org/files/ENCFF085ZKR/
both	TF	SNAI1	SNAI1	HepG2	ENCSR188EMJ	TF ChIP-seq	ENCFF179LFO	GRCh38	IDR thresholded peaks	1,2	2020-07-14	2020-07-14	2020-07-09T09:55:20.564114+00:00	https://www.encodeproject.org/files/ENCFF179LFO/@@download/ENCFF179LFO.bed.gz	https://www.encodeproject.org/experiments/ENCSR188EMJ/	https://www.encodeproject.org/files/ENCFF179LFO/
both	TF	SOX13	SOX13	HepG2	ENCSR041RCS	TF ChIP-seq	ENCFF360MIH	GRCh38	IDR thresholded peaks	1,2	2020-07-09	2020-07-09	2020-07-08T04:27:18.731839+00:00	https://www.encodeproject.org/files/ENCFF360MIH/@@download/ENCFF360MIH.bed.gz	https://www.encodeproject.org/experiments/ENCSR041RCS/	https://www.encodeproject.org/files/ENCFF360MIH/
both	TF	SOX5	SOX5	HepG2	ENCSR961WLZ	TF ChIP-seq	ENCFF703VBH	GRCh38	optimal IDR thresholded peaks	1,2	2016-11-08	2016-11-08	2016-11-07T22:49:35.891024+00:00	https://www.encodeproject.org/files/ENCFF703VBH/@@download/ENCFF703VBH.bed.gz	https://www.encodeproject.org/experiments/ENCSR961WLZ/	https://www.encodeproject.org/files/ENCFF703VBH/
both	TF	SOX6	SOX6	HepG2	ENCSR766TSU	TF ChIP-seq	ENCFF863JMY	GRCh38	IDR thresholded peaks	1,2	2020-07-08	2020-07-08	2020-07-01T20:20:08.420049+00:00	https://www.encodeproject.org/files/ENCFF863JMY/@@download/ENCFF863JMY.bed.gz	https://www.encodeproject.org/experiments/ENCSR766TSU/	https://www.encodeproject.org/files/ENCFF863JMY/
both	TF	SRY	SRY	HepG2	ENCSR308LFD	TF ChIP-seq	ENCFF862WTX	GRCh38	IDR thresholded peaks	1,2	2022-07-15	2022-07-15	2022-05-25T22:45:34.526077+00:00	https://www.encodeproject.org/files/ENCFF862WTX/@@download/ENCFF862WTX.bed.gz	https://www.encodeproject.org/experiments/ENCSR308LFD/	https://www.encodeproject.org/files/ENCFF862WTX/
both	TF	TCF3	TCF3	HepG2	ENCSR911MML	TF ChIP-seq	ENCFF902EKZ	GRCh38	IDR thresholded peaks	1,2	2020-06-30	2020-06-30	2020-06-26T01:56:35.487474+00:00	https://www.encodeproject.org/files/ENCFF902EKZ/@@download/ENCFF902EKZ.bed.gz	https://www.encodeproject.org/experiments/ENCSR911MML/	https://www.encodeproject.org/files/ENCFF902EKZ/
both	TF	ZEB1	ZEB1	HepG2	ENCSR000BVN	TF ChIP-seq	ENCFF060IPX	GRCh38	IDR thresholded peaks	1,2	2012-09-10	2012-09-10	2021-01-05T20:39:52.492944+00:00	https://www.encodeproject.org/files/ENCFF060IPX/@@download/ENCFF060IPX.bed.gz	https://www.encodeproject.org/experiments/ENCSR000BVN/	https://www.encodeproject.org/files/ENCFF060IPX/
both	TF	ZKSCAN5	ZKSCAN5	HepG2	ENCSR159BTO	TF ChIP-seq	ENCFF669MLA	GRCh38	IDR thresholded peaks	1,2	2020-08-28	2020-08-28	2020-08-22T10:23:12.747991+00:00	https://www.encodeproject.org/files/ENCFF669MLA/@@download/ENCFF669MLA.bed.gz	https://www.encodeproject.org/experiments/ENCSR159BTO/	https://www.encodeproject.org/files/ENCFF669MLA/
both	TF	ZNF225	ZNF225	HepG2	ENCSR075PWK	TF ChIP-seq	ENCFF186RPU	GRCh38	IDR thresholded peaks	1,2	2020-08-17	2020-08-17	2020-05-14T19:58:13.458724+00:00	https://www.encodeproject.org/files/ENCFF186RPU/@@download/ENCFF186RPU.bed.gz	https://www.encodeproject.org/experiments/ENCSR075PWK/	https://www.encodeproject.org/files/ENCFF186RPU/
both	TF	ZNF235	ZNF235	HepG2	ENCSR924KZA	TF ChIP-seq	ENCFF321MWB	GRCh38	IDR thresholded peaks	1,2	2023-01-06	2023-01-06	2022-12-19T18:58:55.480091+00:00	https://www.encodeproject.org/files/ENCFF321MWB/@@download/ENCFF321MWB.bed.gz	https://www.encodeproject.org/experiments/ENCSR924KZA/	https://www.encodeproject.org/files/ENCFF321MWB/
both	TF	ZNF24	ZNF24	HepG2	ENCSR362NWP	TF ChIP-seq	ENCFF904QAD	GRCh38	optimal IDR thresholded peaks	1,2	2017-06-26	2017-06-26	2017-06-24T02:59:32.004212+00:00	https://www.encodeproject.org/files/ENCFF904QAD/@@download/ENCFF904QAD.bed.gz	https://www.encodeproject.org/experiments/ENCSR362NWP/	https://www.encodeproject.org/files/ENCFF904QAD/
both	TF	ZNF281	ZNF281	HepG2	ENCSR403MJY	TF ChIP-seq	ENCFF964FPZ	GRCh38	IDR thresholded peaks	1,2	2020-07-09	2020-07-09	2020-07-01T05:22:43.857729+00:00	https://www.encodeproject.org/files/ENCFF964FPZ/@@download/ENCFF964FPZ.bed.gz	https://www.encodeproject.org/experiments/ENCSR403MJY/	https://www.encodeproject.org/files/ENCFF964FPZ/
both	TF	ZNF384	ZNF384	HepG2	ENCSR101FJU	TF ChIP-seq	ENCFF950VAR	GRCh38	optimal IDR thresholded peaks	1,2	2014-07-07	2014-07-07	2016-10-24T15:59:01.484652+00:00	https://www.encodeproject.org/files/ENCFF950VAR/@@download/ENCFF950VAR.bed.gz	https://www.encodeproject.org/experiments/ENCSR101FJU/	https://www.encodeproject.org/files/ENCFF950VAR/
both	TF	ZNF468	ZNF468	HepG2	ENCSR613YQN	TF ChIP-seq	ENCFF702UDA	GRCh38	IDR thresholded peaks	1,2	2022-08-23	2022-08-23	2022-08-19T05:10:18.604987+00:00	https://www.encodeproject.org/files/ENCFF702UDA/@@download/ENCFF702UDA.bed.gz	https://www.encodeproject.org/experiments/ENCSR613YQN/	https://www.encodeproject.org/files/ENCFF702UDA/
both	TF	ZNF619	ZNF619	HepG2	ENCSR613RDS	TF ChIP-seq	ENCFF898ZHK	GRCh38	IDR thresholded peaks	1,2	2020-08-17	2020-08-17	2020-05-14T18:37:06.223847+00:00	https://www.encodeproject.org/files/ENCFF898ZHK/@@download/ENCFF898ZHK.bed.gz	https://www.encodeproject.org/experiments/ENCSR613RDS/	https://www.encodeproject.org/files/ENCFF898ZHK/
both	TF	ZNF740	ZNF740	HepG2	ENCSR755ZAY	TF ChIP-seq	ENCFF854KWX	GRCh38	IDR thresholded peaks	1,2	2020-07-08	2020-07-08	2020-07-01T10:58:36.492473+00:00	https://www.encodeproject.org/files/ENCFF854KWX/@@download/ENCFF854KWX.bed.gz	https://www.encodeproject.org/experiments/ENCSR755ZAY/	https://www.encodeproject.org/files/ENCFF854KWX/
both	TF	ZNF768	ZNF768	HepG2	ENCSR181ABP	TF ChIP-seq	ENCFF079KQG	GRCh38	IDR thresholded peaks	1,2	2020-07-09	2020-07-09	2020-07-02T00:29:04.572404+00:00	https://www.encodeproject.org/files/ENCFF079KQG/@@download/ENCFF079KQG.bed.gz	https://www.encodeproject.org/experiments/ENCSR181ABP/	https://www.encodeproject.org/files/ENCFF079KQG/
both	TF	ZSCAN9	ZSCAN9	HepG2	ENCSR712FAM	TF ChIP-seq	ENCFF673YDK	GRCh38	optimal IDR thresholded peaks	1,2	2016-11-08	2016-11-08	2016-11-07T22:49:34.100804+00:00	https://www.encodeproject.org/files/ENCFF673YDK/@@download/ENCFF673YDK.bed.gz	https://www.encodeproject.org/experiments/ENCSR712FAM/	https://www.encodeproject.org/files/ENCFF673YDK/
both	TF	ARID3B	ARID3B	K562	ENCSR360UHC	TF ChIP-seq	ENCFF270TSN	GRCh38	IDR thresholded peaks	1,2	2020-08-03	2020-08-03	2020-07-03T22:19:31.542472+00:00	https://www.encodeproject.org/files/ENCFF270TSN/@@download/ENCFF270TSN.bed.gz	https://www.encodeproject.org/experiments/ENCSR360UHC/	https://www.encodeproject.org/files/ENCFF270TSN/
both	TF	BCL6	BCL6	K562	ENCSR802AHH	TF ChIP-seq	ENCFF941EDY	GRCh38	IDR thresholded peaks	1,2	2020-08-03	2020-08-03	2020-07-03T20:38:35.275677+00:00	https://www.encodeproject.org/files/ENCFF941EDY/@@download/ENCFF941EDY.bed.gz	https://www.encodeproject.org/experiments/ENCSR802AHH/	https://www.encodeproject.org/files/ENCFF941EDY/
both	TF	E2F7	E2F7	K562	ENCSR171CAY	TF ChIP-seq	ENCFF013EHI	GRCh38	optimal IDR thresholded peaks	1,2	2017-05-17	2017-05-17	2017-02-22T21:41:44.756676+00:00	https://www.encodeproject.org/files/ENCFF013EHI/@@download/ENCFF013EHI.bed.gz	https://www.encodeproject.org/experiments/ENCSR171CAY/	https://www.encodeproject.org/files/ENCFF013EHI/
both	TF	EGR1	EGR1	K562	ENCSR024CNP	TF ChIP-seq	ENCFF175VSS	GRCh38	optimal IDR thresholded peaks	1,2	2017-05-17	2017-05-17	2017-02-23T00:08:57.187088+00:00	https://www.encodeproject.org/files/ENCFF175VSS/@@download/ENCFF175VSS.bed.gz	https://www.encodeproject.org/experiments/ENCSR024CNP/	https://www.encodeproject.org/files/ENCFF175VSS/
both	TF	NR4A1	NR4A1	K562	ENCSR692RET	TF ChIP-seq	ENCFF137TCL	GRCh38	IDR thresholded peaks	1,2	2020-08-03	2020-08-03	2020-07-03T19:15:19.718916+00:00	https://www.encodeproject.org/files/ENCFF137TCL/@@download/ENCFF137TCL.bed.gz	https://www.encodeproject.org/experiments/ENCSR692RET/	https://www.encodeproject.org/files/ENCFF137TCL/
both	TF	SOX6	SOX6	K562	ENCSR788RSW	TF ChIP-seq	ENCFF431STY	GRCh38	optimal IDR thresholded peaks	1,2	2014-07-07	2014-07-07	2016-10-31T15:58:50.295785+00:00	https://www.encodeproject.org/files/ENCFF431STY/@@download/ENCFF431STY.bed.gz	https://www.encodeproject.org/experiments/ENCSR788RSW/	https://www.encodeproject.org/files/ENCFF431STY/
both	TF	TCF3	TCF3	K562	ENCSR970OJY	TF ChIP-seq	ENCFF773RNU	GRCh38	IDR thresholded peaks	1,2	2020-07-08	2020-07-08	2020-07-01T19:43:49.653838+00:00	https://www.encodeproject.org/files/ENCFF773RNU/@@download/ENCFF773RNU.bed.gz	https://www.encodeproject.org/experiments/ENCSR970OJY/	https://www.encodeproject.org/files/ENCFF773RNU/
both	TF	ZEB2	ZEB2	K562	ENCSR004GKA	TF ChIP-seq	ENCFF242AOL	GRCh38	IDR thresholded peaks	1,2	2016-06-14	2016-06-14	2020-12-09T13:25:38.047155+00:00	https://www.encodeproject.org/files/ENCFF242AOL/@@download/ENCFF242AOL.bed.gz	https://www.encodeproject.org/experiments/ENCSR004GKA/	https://www.encodeproject.org/files/ENCFF242AOL/
both	TF	ZNF24	ZNF24	K562	ENCSR695EQB	TF ChIP-seq	ENCFF260CBQ	GRCh38	optimal IDR thresholded peaks	1,2	2017-01-27	2017-01-27	2016-10-24T16:06:58.394630+00:00	https://www.encodeproject.org/files/ENCFF260CBQ/@@download/ENCFF260CBQ.bed.gz	https://www.encodeproject.org/experiments/ENCSR695EQB/	https://www.encodeproject.org/files/ENCFF260CBQ/
both	TF	ZNF281	ZNF281	K562	ENCSR214EKV	TF ChIP-seq	ENCFF648ORA	GRCh38	IDR thresholded peaks	1,2	2021-03-31	2021-03-31	2021-03-30T22:02:01.351952+00:00	https://www.encodeproject.org/files/ENCFF648ORA/@@download/ENCFF648ORA.bed.gz	https://www.encodeproject.org/experiments/ENCSR214EKV/	https://www.encodeproject.org/files/ENCFF648ORA/
both	TF	ZNF384	ZNF384	K562	ENCSR000EFP	TF ChIP-seq	ENCFF106YXG	GRCh38	optimal IDR thresholded peaks	1,2	2012-08-20	2012-08-20	2016-12-16T08:43:11.494464+00:00	https://www.encodeproject.org/files/ENCFF106YXG/@@download/ENCFF106YXG.bed.gz	https://www.encodeproject.org/experiments/ENCSR000EFP/	https://www.encodeproject.org/files/ENCFF106YXG/
both	TF	ZNF436	ZNF436	K562	ENCSR335SUD	TF ChIP-seq	ENCFF318ZUN	GRCh38	IDR thresholded peaks	1,2	2020-08-03	2020-08-03	2021-03-05T23:44:17.828927+00:00	https://www.encodeproject.org/files/ENCFF318ZUN/@@download/ENCFF318ZUN.bed.gz	https://www.encodeproject.org/experiments/ENCSR335SUD/	https://www.encodeproject.org/files/ENCFF318ZUN/
both	TF	ZNF444	ZNF444	K562	ENCSR164RIC	TF ChIP-seq	ENCFF295XCB	GRCh38	IDR thresholded peaks	1,2	2020-08-03	2020-08-03	2020-07-01T09:36:39.245868+00:00	https://www.encodeproject.org/files/ENCFF295XCB/@@download/ENCFF295XCB.bed.gz	https://www.encodeproject.org/experiments/ENCSR164RIC/	https://www.encodeproject.org/files/ENCFF295XCB/
both	TF	ZNF740	ZNF740	K562	ENCSR427XYP	TF ChIP-seq	ENCFF959SMC	GRCh38	IDR thresholded peaks	1,2	2022-08-15	2022-08-15	2022-07-23T01:16:28.492771+00:00	https://www.encodeproject.org/files/ENCFF959SMC/@@download/ENCFF959SMC.bed.gz	https://www.encodeproject.org/experiments/ENCSR427XYP/	https://www.encodeproject.org/files/ENCFF959SMC/
negative_only	RBP	MATR3	MATR3	HepG2	ENCSR290VLT	eCLIP	ENCFF587KKM	GRCh38	peaks	1,2	2018-04-24	2018-04-24	2018-12-03T15:25:11.081340+00:00	https://www.encodeproject.org/files/ENCFF587KKM/@@download/ENCFF587KKM.bed.gz	https://www.encodeproject.org/experiments/ENCSR290VLT/	https://www.encodeproject.org/files/ENCFF587KKM/
negative_only	RBP	SRSF7	SRSF7	HepG2	ENCSR513NDD	eCLIP	ENCFF317HGW	GRCh38	peaks	1,2	2015-11-09	2015-11-09	2018-12-03T15:13:22.563954+00:00	https://www.encodeproject.org/files/ENCFF317HGW/@@download/ENCFF317HGW.bed.gz	https://www.encodeproject.org/experiments/ENCSR513NDD/	https://www.encodeproject.org/files/ENCFF317HGW/
negative_only	RBP	CSDA	YBX3	HepG2	ENCSR735HOK	eCLIP	ENCFF185OEI	GRCh38	peaks	1,2	2018-08-30	2018-08-30	2018-12-03T15:25:59.863458+00:00	https://www.encodeproject.org/files/ENCFF185OEI/@@download/ENCFF185OEI.bed.gz	https://www.encodeproject.org/experiments/ENCSR735HOK/	https://www.encodeproject.org/files/ENCFF185OEI/
negative_only	RBP	MATR3	MATR3	K562	ENCSR440SUX	eCLIP	ENCFF246EPM	GRCh38	peaks	1,2	2018-08-30	2018-08-30	2018-12-03T15:25:42.575048+00:00	https://www.encodeproject.org/files/ENCFF246EPM/@@download/ENCFF246EPM.bed.gz	https://www.encodeproject.org/experiments/ENCSR440SUX/	https://www.encodeproject.org/files/ENCFF246EPM/
negative_only	RBP	SRSF7	SRSF7	K562	ENCSR468FSW	eCLIP	ENCFF780OCY	GRCh38	peaks	1,2	2016-04-26	2016-04-26	2018-12-03T15:17:31.561848+00:00	https://www.encodeproject.org/files/ENCFF780OCY/@@download/ENCFF780OCY.bed.gz	https://www.encodeproject.org/experiments/ENCSR468FSW/	https://www.encodeproject.org/files/ENCFF780OCY/
negative_only	RBP	CSDA	YBX3	K562	ENCSR529FKI	eCLIP	ENCFF746XLE	GRCh38	peaks	1,2	2016-04-26	2016-04-26	2018-12-03T15:21:38.069729+00:00	https://www.encodeproject.org/files/ENCFF746XLE/@@download/ENCFF746XLE.bed.gz	https://www.encodeproject.org/experiments/ENCSR529FKI/	https://www.encodeproject.org/files/ENCFF746XLE/
negative_only	TF	ATF2	ATF2	GM12878	ENCSR961PPA	TF ChIP-seq	ENCFF210HTZ	GRCh38	optimal IDR thresholded peaks	1,2	2016-10-26	2016-10-26	2016-11-02T23:05:42.781016+00:00	https://www.encodeproject.org/files/ENCFF210HTZ/@@download/ENCFF210HTZ.bed.gz	https://www.encodeproject.org/experiments/ENCSR961PPA/	https://www.encodeproject.org/files/ENCFF210HTZ/
negative_only	TF	ATF7	ATF7	GM12878	ENCSR014YCR	TF ChIP-seq	ENCFF277FJJ	GRCh38	IDR thresholded peaks	1,2	2016-07-08	2016-07-08	2020-11-29T17:35:38.407487+00:00	https://www.encodeproject.org/files/ENCFF277FJJ/@@download/ENCFF277FJJ.bed.gz	https://www.encodeproject.org/experiments/ENCSR014YCR/	https://www.encodeproject.org/files/ENCFF277FJJ/
negative_only	TF	CREB1	CREB1	GM12878	ENCSR000BUF	TF ChIP-seq	ENCFF053UZX	GRCh38	IDR thresholded peaks	1,2	2012-09-10	2012-09-10	2021-01-05T21:53:11.497231+00:00	https://www.encodeproject.org/files/ENCFF053UZX/@@download/ENCFF053UZX.bed.gz	https://www.encodeproject.org/experiments/ENCSR000BUF/	https://www.encodeproject.org/files/ENCFF053UZX/
negative_only	TF	CREM	CREM	GM12878	ENCSR839XZU	TF ChIP-seq	ENCFF091YID	GRCh38	optimal IDR thresholded peaks	1,2	2014-07-07	2014-07-07	2016-11-02T23:07:37.042710+00:00	https://www.encodeproject.org/files/ENCFF091YID/@@download/ENCFF091YID.bed.gz	https://www.encodeproject.org/experiments/ENCSR839XZU/	https://www.encodeproject.org/files/ENCFF091YID/
negative_only	TF	FOXK2	FOXK2	GM12878	ENCSR861JUQ	TF ChIP-seq	ENCFF990MTR	GRCh38	optimal IDR thresholded peaks	1,2	2017-01-27	2017-01-27	2017-01-25T08:38:38.835857+00:00	https://www.encodeproject.org/files/ENCFF990MTR/@@download/ENCFF990MTR.bed.gz	https://www.encodeproject.org/experiments/ENCSR861JUQ/	https://www.encodeproject.org/files/ENCFF990MTR/
negative_only	TF	MAZ	MAZ	GM12878	ENCSR903MVU	TF ChIP-seq	ENCFF618NGB	GRCh38	IDR thresholded peaks	1,2	2020-08-03	2020-08-03	2020-05-14T17:11:56.414790+00:00	https://www.encodeproject.org/files/ENCFF618NGB/@@download/ENCFF618NGB.bed.gz	https://www.encodeproject.org/experiments/ENCSR903MVU/	https://www.encodeproject.org/files/ENCFF618NGB/
negative_only	TF	NFIC	NFIC	GM12878	ENCSR000BRN	TF ChIP-seq	ENCFF480WDX	GRCh38	optimal IDR thresholded peaks	1,2	2012-02-29	2012-02-29	2016-12-16T19:27:49.487930+00:00	https://www.encodeproject.org/files/ENCFF480WDX/@@download/ENCFF480WDX.bed.gz	https://www.encodeproject.org/experiments/ENCSR000BRN/	https://www.encodeproject.org/files/ENCFF480WDX/
negative_only	TF	TBX21	TBX21	GM12878	ENCSR739IHN	TF ChIP-seq	ENCFF971VHK	GRCh38	optimal IDR thresholded peaks	1,2	2016-06-14	2016-06-14	2016-10-17T15:10:07.037569+00:00	https://www.encodeproject.org/files/ENCFF971VHK/@@download/ENCFF971VHK.bed.gz	https://www.encodeproject.org/experiments/ENCSR739IHN/	https://www.encodeproject.org/files/ENCFF971VHK/
negative_only	TF	ATF2	ATF2	HepG2	ENCSR908HWZ	TF ChIP-seq	ENCFF522LHU	GRCh38	IDR thresholded peaks	1,2	2020-07-09	2020-07-09	2020-07-06T11:58:38.956566+00:00	https://www.encodeproject.org/files/ENCFF522LHU/@@download/ENCFF522LHU.bed.gz	https://www.encodeproject.org/experiments/ENCSR908HWZ/	https://www.encodeproject.org/files/ENCFF522LHU/
negative_only	TF	ATF4	ATF4	HepG2	ENCSR803PAI	TF ChIP-seq	ENCFF885VKD	GRCh38	IDR thresholded peaks	1,2	2022-08-31	2022-08-31	2022-08-27T00:29:05.582799+00:00	https://www.encodeproject.org/files/ENCFF885VKD/@@download/ENCFF885VKD.bed.gz	https://www.encodeproject.org/experiments/ENCSR803PAI/	https://www.encodeproject.org/files/ENCFF885VKD/
negative_only	TF	ATF6	ATF6	HepG2	ENCSR769CWW	TF ChIP-seq	ENCFF660KDQ	GRCh38	IDR thresholded peaks	1,2	2020-07-09	2020-07-09	2020-07-01T00:45:07.854159+00:00	https://www.encodeproject.org/files/ENCFF660KDQ/@@download/ENCFF660KDQ.bed.gz	https://www.encodeproject.org/experiments/ENCSR769CWW/	https://www.encodeproject.org/files/ENCFF660KDQ/
negative_only	TF	ATF7	ATF7	HepG2	ENCSR516DDO	TF ChIP-seq	ENCFF894YFW	GRCh38	IDR thresholded peaks	1,2	2020-07-08	2020-07-08	2020-07-01T19:52:21.510993+00:00	https://www.encodeproject.org/files/ENCFF894YFW/@@download/ENCFF894YFW.bed.gz	https://www.encodeproject.org/experiments/ENCSR516DDO/	https://www.encodeproject.org/files/ENCFF894YFW/
negative_only	TF	BORCS8-MEF2B	BORCS8-MEF2B	HepG2	ENCSR238XDV	TF ChIP-seq	ENCFF610WQK	GRCh38	IDR thresholded peaks	1,2	2022-08-31	2022-08-31	2022-08-27T00:42:13.458294+00:00	https://www.encodeproject.org/files/ENCFF610WQK/@@download/ENCFF610WQK.bed.gz	https://www.encodeproject.org/experiments/ENCSR238XDV/	https://www.encodeproject.org/files/ENCFF610WQK/
negative_only	TF	CREB1	CREB1	HepG2	ENCSR331ORD	TF ChIP-seq	ENCFF571FVN	GRCh38	optimal IDR thresholded peaks	1,2	2016-06-14	2016-06-14	2016-10-28T18:42:43.547818+00:00	https://www.encodeproject.org/files/ENCFF571FVN/@@download/ENCFF571FVN.bed.gz	https://www.encodeproject.org/experiments/ENCSR331ORD/	https://www.encodeproject.org/files/ENCFF571FVN/
negative_only	TF	CREB3	CREB3	HepG2	ENCSR855XFL	TF ChIP-seq	ENCFF767ZRB	GRCh38	IDR thresholded peaks	1,2	2020-07-14	2020-07-14	2020-07-09T04:21:58.041312+00:00	https://www.encodeproject.org/files/ENCFF767ZRB/@@download/ENCFF767ZRB.bed.gz	https://www.encodeproject.org/experiments/ENCSR855XFL/	https://www.encodeproject.org/files/ENCFF767ZRB/
negative_only	TF	CREBL2	CREBL2	HepG2	ENCSR237OGW	TF ChIP-seq	ENCFF857BXY	GRCh38	IDR thresholded peaks	1,2	2023-01-06	2023-01-06	2022-12-19T19:34:00.887486+00:00	https://www.encodeproject.org/files/ENCFF857BXY/@@download/ENCFF857BXY.bed.gz	https://www.encodeproject.org/experiments/ENCSR237OGW/	https://www.encodeproject.org/files/ENCFF857BXY/
negative_only	TF	CREM	CREM	HepG2	ENCSR799FCZ	TF ChIP-seq	ENCFF023EDF	GRCh38	IDR thresholded peaks	1,2	2020-07-09	2020-07-09	2020-06-30T22:15:58.997451+00:00	https://www.encodeproject.org/files/ENCFF023EDF/@@download/ENCFF023EDF.bed.gz	https://www.encodeproject.org/experiments/ENCSR799FCZ/	https://www.encodeproject.org/files/ENCFF023EDF/
negative_only	TF	FOXA3	FOXA3	HepG2	ENCSR092OVN	TF ChIP-seq	ENCFF251TUO	GRCh38	optimal IDR thresholded peaks	1,2	2016-11-08	2016-11-08	2016-11-07T22:49:51.672664+00:00	https://www.encodeproject.org/files/ENCFF251TUO/@@download/ENCFF251TUO.bed.gz	https://www.encodeproject.org/experiments/ENCSR092OVN/	https://www.encodeproject.org/files/ENCFF251TUO/
negative_only	TF	FOXK1	FOXK1	HepG2	ENCSR603BJQ	TF ChIP-seq	ENCFF605GXY	GRCh38	IDR thresholded peaks	1,2	2020-07-09	2020-07-09	2020-06-30T22:53:35.560419+00:00	https://www.encodeproject.org/files/ENCFF605GXY/@@download/ENCFF605GXY.bed.gz	https://www.encodeproject.org/experiments/ENCSR603BJQ/	https://www.encodeproject.org/files/ENCFF605GXY/
negative_only	TF	FOXK2	FOXK2	HepG2	ENCSR171FUX	TF ChIP-seq	ENCFF315CHX	GRCh38	optimal IDR thresholded peaks	1,2	2016-04-22	2016-04-22	2016-10-27T22:54:50.918075+00:00	https://www.encodeproject.org/files/ENCFF315CHX/@@download/ENCFF315CHX.bed.gz	https://www.encodeproject.org/experiments/ENCSR171FUX/	https://www.encodeproject.org/files/ENCFF315CHX/
negative_only	TF	FOXP1	FOXP1	HepG2	ENCSR369YUK	TF ChIP-seq	ENCFF460UOW	GRCh38	optimal IDR thresholded peaks	1,2	2018-02-10	2018-02-10	2018-02-09T17:47:48.430842+00:00	https://www.encodeproject.org/files/ENCFF460UOW/@@download/ENCFF460UOW.bed.gz	https://www.encodeproject.org/experiments/ENCSR369YUK/	https://www.encodeproject.org/files/ENCFF460UOW/
negative_only	TF	HOMEZ	HOMEZ	HepG2	ENCSR117CHD	TF ChIP-seq	ENCFF478OVU	GRCh38	optimal IDR thresholded peaks	1,2	2016-11-08	2016-11-08	2016-11-07T22:49:14.594338+00:00	https://www.encodeproject.org/files/ENCFF478OVU/@@download/ENCFF478OVU.bed.gz	https://www.encodeproject.org/experiments/ENCSR117CHD/	https://www.encodeproject.org/files/ENCFF478OVU/
negative_only	TF	HOXA5	HOXA5	HepG2	ENCSR869JZW	TF ChIP-seq	ENCFF385DPO	GRCh38	IDR thresholded peaks	1,2	2020-07-08	2020-07-08	2020-07-04T09:43:22.238695+00:00	https://www.encodeproject.org/files/ENCFF385DPO/@@download/ENCFF385DPO.bed.gz	https://www.encodeproject.org/experiments/ENCSR869JZW/	https://www.encodeproject.org/files/ENCFF385DPO/
negative_only	TF	HOXA7	HOXA7	HepG2	ENCSR823QTA	TF ChIP-seq	ENCFF701NLW	GRCh38	IDR thresholded peaks	1,2	2022-09-30	2022-09-30	2022-09-03T20:57:03.230868+00:00	https://www.encodeproject.org/files/ENCFF701NLW/@@download/ENCFF701NLW.bed.gz	https://www.encodeproject.org/experiments/ENCSR823QTA/	https://www.encodeproject.org/files/ENCFF701NLW/
negative_only	TF	HOXD1	HOXD1	HepG2	ENCSR359TWG	TF ChIP-seq	ENCFF647VJL	GRCh38	IDR thresholded peaks	1,2	2020-07-14	2020-07-14	2020-07-09T08:59:11.340492+00:00	https://www.encodeproject.org/files/ENCFF647VJL/@@download/ENCFF647VJL.bed.gz	https://www.encodeproject.org/experiments/ENCSR359TWG/	https://www.encodeproject.org/files/ENCFF647VJL/
negative_only	TF	HSF2	HSF2	HepG2	ENCSR764ZBK	TF ChIP-seq	ENCFF062UNZ	GRCh38	IDR thresholded peaks	1,2	2020-07-14	2020-07-14	2020-07-09T04:59:54.450341+00:00	https://www.encodeproject.org/files/ENCFF062UNZ/@@download/ENCFF062UNZ.bed.gz	https://www.encodeproject.org/experiments/ENCSR764ZBK/	https://www.encodeproject.org/files/ENCFF062UNZ/
negative_only	TF	MAZ	MAZ	HepG2	ENCSR700PNE	TF ChIP-seq	ENCFF341OLL	GRCh38	IDR thresholded peaks	1,2	2020-07-01	2020-07-01	2020-07-01T00:37:28.401605+00:00	https://www.encodeproject.org/files/ENCFF341OLL/@@download/ENCFF341OLL.bed.gz	https://www.encodeproject.org/experiments/ENCSR700PNE/	https://www.encodeproject.org/files/ENCFF341OLL/
negative_only	TF	MEF2D	MEF2D	HepG2	ENCSR923MOO	TF ChIP-seq	ENCFF407WPM	GRCh38	IDR thresholded peaks	1,2	2020-08-28	2020-08-28	2020-08-22T00:46:46.520712+00:00	https://www.encodeproject.org/files/ENCFF407WPM/@@download/ENCFF407WPM.bed.gz	https://www.encodeproject.org/experiments/ENCSR923MOO/	https://www.encodeproject.org/files/ENCFF407WPM/
negative_only	TF	MEIS2	MEIS2	HepG2	ENCSR830LDY	TF ChIP-seq	ENCFF647OBG	GRCh38	IDR thresholded peaks	1,2	2021-08-13	2021-08-13	2021-08-02T22:32:10.429474+00:00	https://www.encodeproject.org/files/ENCFF647OBG/@@download/ENCFF647OBG.bed.gz	https://www.encodeproject.org/experiments/ENCSR830LDY/	https://www.encodeproject.org/files/ENCFF647OBG/
negative_only	TF	MGA	MGA	HepG2	ENCSR912NEF	TF ChIP-seq	ENCFF774KWE	GRCh38	IDR thresholded peaks	1,2	2022-09-30	2022-09-30	2022-09-05T18:34:53.042111+00:00	https://www.encodeproject.org/files/ENCFF774KWE/@@download/ENCFF774KWE.bed.gz	https://www.encodeproject.org/experiments/ENCSR912NEF/	https://www.encodeproject.org/files/ENCFF774KWE/
negative_only	TF	MNX1	MNX1	HepG2	ENCSR108MKR	TF ChIP-seq	ENCFF958FYM	GRCh38	IDR thresholded peaks	1,2	2020-06-30	2020-06-30	2020-06-29T23:28:27.316112+00:00	https://www.encodeproject.org/files/ENCFF958FYM/@@download/ENCFF958FYM.bed.gz	https://www.encodeproject.org/experiments/ENCSR108MKR/	https://www.encodeproject.org/files/ENCFF958FYM/
negative_only	TF	MTF1	MTF1	HepG2	ENCSR194NVP	TF ChIP-seq	ENCFF502QZR	GRCh38	IDR thresholded peaks	1,2	2020-07-14	2020-07-14	2020-07-09T09:46:02.495686+00:00	https://www.encodeproject.org/files/ENCFF502QZR/@@download/ENCFF502QZR.bed.gz	https://www.encodeproject.org/experiments/ENCSR194NVP/	https://www.encodeproject.org/files/ENCFF502QZR/
negative_only	TF	MYNN	MYNN	HepG2	ENCSR398TMP	TF ChIP-seq	ENCFF048GXO	GRCh38	IDR thresholded peaks	1,2	2020-07-09	2020-07-09	2020-07-06T15:38:09.225636+00:00	https://www.encodeproject.org/files/ENCFF048GXO/@@download/ENCFF048GXO.bed.gz	https://www.encodeproject.org/experiments/ENCSR398TMP/	https://www.encodeproject.org/files/ENCFF048GXO/
negative_only	TF	MZF1	MZF1	HepG2	ENCSR384YOP	TF ChIP-seq	ENCFF689CDE	GRCh38	IDR thresholded peaks	1,2	2023-01-06	2023-01-06	2022-12-19T20:50:07.508481+00:00	https://www.encodeproject.org/files/ENCFF689CDE/@@download/ENCFF689CDE.bed.gz	https://www.encodeproject.org/experiments/ENCSR384YOP/	https://www.encodeproject.org/files/ENCFF689CDE/
negative_only	TF	NFIC	NFIC	HepG2	ENCSR000BQX	TF ChIP-seq	ENCFF611FIV	GRCh38	IDR thresholded peaks	1,2	2012-02-29	2012-02-29	2020-12-26T06:01:03.410284+00:00	https://www.encodeproject.org/files/ENCFF611FIV/@@download/ENCFF611FIV.bed.gz	https://www.encodeproject.org/experiments/ENCSR000BQX/	https://www.encodeproject.org/files/ENCFF611FIV/
negative_only	TF	NR2F2	NR2F2	HepG2	ENCSR000BVM	TF ChIP-seq	ENCFF804MKP	GRCh38	IDR thresholded peaks	1,2	2012-09-10	2012-09-10	2021-01-02T02:11:27.793296+00:00	https://www.encodeproject.org/files/ENCFF804MKP/@@download/ENCFF804MKP.bed.gz	https://www.encodeproject.org/experiments/ENCSR000BVM/	https://www.encodeproject.org/files/ENCFF804MKP/
negative_only	TF	PATZ1	PATZ1	HepG2	ENCSR658YLN	TF ChIP-seq	ENCFF174JHS	GRCh38	IDR thresholded peaks	1,2	2020-07-09	2020-07-09	2020-07-01T20:33:20.793744+00:00	https://www.encodeproject.org/files/ENCFF174JHS/@@download/ENCFF174JHS.bed.gz	https://www.encodeproject.org/experiments/ENCSR658YLN/	https://www.encodeproject.org/files/ENCFF174JHS/
negative_only	TF	PBX2	PBX2	HepG2	ENCSR849DFF	TF ChIP-seq	ENCFF709YWO	GRCh38	optimal IDR thresholded peaks	1,2	2016-06-14	2016-06-14	2016-10-24T15:29:55.140496+00:00	https://www.encodeproject.org/files/ENCFF709YWO/@@download/ENCFF709YWO.bed.gz	https://www.encodeproject.org/experiments/ENCSR849DFF/	https://www.encodeproject.org/files/ENCFF709YWO/
negative_only	TF	PRDM4	PRDM4	HepG2	ENCSR130NZQ	TF ChIP-seq	ENCFF666ISN	GRCh38	IDR thresholded peaks	1,2	2021-08-13	2021-08-13	2021-08-02T23:06:41.066901+00:00	https://www.encodeproject.org/files/ENCFF666ISN/@@download/ENCFF666ISN.bed.gz	https://www.encodeproject.org/experiments/ENCSR130NZQ/	https://www.encodeproject.org/files/ENCFF666ISN/
negative_only	TF	RXRB	RXRB	HepG2	ENCSR560SEP	TF ChIP-seq	ENCFF499COS	GRCh38	optimal IDR thresholded peaks	1,2	2016-11-08	2016-11-08	2016-11-07T22:50:19.642910+00:00	https://www.encodeproject.org/files/ENCFF499COS/@@download/ENCFF499COS.bed.gz	https://www.encodeproject.org/experiments/ENCSR560SEP/	https://www.encodeproject.org/files/ENCFF499COS/
negative_only	TF	TFAP4	TFAP4	HepG2	ENCSR587BVQ	TF ChIP-seq	ENCFF645QRU	GRCh38	IDR thresholded peaks	1,2	2020-07-09	2020-07-09	2020-07-06T13:23:54.298057+00:00	https://www.encodeproject.org/files/ENCFF645QRU/@@download/ENCFF645QRU.bed.gz	https://www.encodeproject.org/experiments/ENCSR587BVQ/	https://www.encodeproject.org/files/ENCFF645QRU/
negative_only	TF	TGIF2	TGIF2	HepG2	ENCSR993LMB	TF ChIP-seq	ENCFF661WFA	GRCh38	optimal IDR thresholded peaks	1,2	2016-06-14	2016-06-14	2016-10-24T15:30:38.725092+00:00	https://www.encodeproject.org/files/ENCFF661WFA/@@download/ENCFF661WFA.bed.gz	https://www.encodeproject.org/experiments/ENCSR993LMB/	https://www.encodeproject.org/files/ENCFF661WFA/
negative_only	TF	ZNF10	ZNF10	HepG2	ENCSR009LIA	TF ChIP-seq	ENCFF321MKV	GRCh38	IDR thresholded peaks	1,2	2020-08-17	2020-08-17	2020-05-14T20:12:00.142683+00:00	https://www.encodeproject.org/files/ENCFF321MKV/@@download/ENCFF321MKV.bed.gz	https://www.encodeproject.org/experiments/ENCSR009LIA/	https://www.encodeproject.org/files/ENCFF321MKV/
negative_only	TF	ZNF263	ZNF263	HepG2	ENCSR313MMD	TF ChIP-seq	ENCFF927JRS	GRCh38	IDR thresholded peaks	1,2	2020-07-08	2020-07-08	2020-07-02T06:40:05.448358+00:00	https://www.encodeproject.org/files/ENCFF927JRS/@@download/ENCFF927JRS.bed.gz	https://www.encodeproject.org/experiments/ENCSR313MMD/	https://www.encodeproject.org/files/ENCFF927JRS/
negative_only	TF	ZNF264	ZNF264	HepG2	ENCSR248BVU	TF ChIP-seq	ENCFF404IUH	GRCh38	IDR thresholded peaks	1,2	2020-07-08	2020-07-08	2020-07-01T08:17:36.987835+00:00	https://www.encodeproject.org/files/ENCFF404IUH/@@download/ENCFF404IUH.bed.gz	https://www.encodeproject.org/experiments/ENCSR248BVU/	https://www.encodeproject.org/files/ENCFF404IUH/
negative_only	TF	ZNF543	ZNF543	HepG2	ENCSR584DEL	TF ChIP-seq	ENCFF141UZG	GRCh38	IDR thresholded peaks	1,2	2020-07-08	2020-07-08	2020-07-07T07:31:13.941689+00:00	https://www.encodeproject.org/files/ENCFF141UZG/@@download/ENCFF141UZG.bed.gz	https://www.encodeproject.org/experiments/ENCSR584DEL/	https://www.encodeproject.org/files/ENCFF141UZG/
negative_only	TF	ZNF713	ZNF713	HepG2	ENCSR513NBU	TF ChIP-seq	ENCFF262CSX	GRCh38	IDR thresholded peaks	1,2	2020-08-17	2020-08-17	2020-05-14T19:00:01.473441+00:00	https://www.encodeproject.org/files/ENCFF262CSX/@@download/ENCFF262CSX.bed.gz	https://www.encodeproject.org/experiments/ENCSR513NBU/	https://www.encodeproject.org/files/ENCFF262CSX/
negative_only	TF	ZNF737	ZNF737	HepG2	ENCSR127IHN	TF ChIP-seq	ENCFF024LQZ	GRCh38	IDR thresholded peaks	1,2	2020-06-30	2020-06-30	2020-06-29T23:20:06.057772+00:00	https://www.encodeproject.org/files/ENCFF024LQZ/@@download/ENCFF024LQZ.bed.gz	https://www.encodeproject.org/experiments/ENCSR127IHN/	https://www.encodeproject.org/files/ENCFF024LQZ/
negative_only	TF	ATF2	ATF2	K562	ENCSR014ARU	TF ChIP-seq	ENCFF121HYT	GRCh38	IDR thresholded peaks	1,2	2022-09-13	2022-09-13	2022-09-03T21:28:28.780718+00:00	https://www.encodeproject.org/files/ENCFF121HYT/@@download/ENCFF121HYT.bed.gz	https://www.encodeproject.org/experiments/ENCSR014ARU/	https://www.encodeproject.org/files/ENCFF121HYT/
negative_only	TF	ATF4	ATF4	K562	ENCSR044UJJ	TF ChIP-seq	ENCFF250MUC	GRCh38	IDR thresholded peaks	1,2	2022-07-28	2022-07-28	2020-07-06T11:04:25.311379+00:00	https://www.encodeproject.org/files/ENCFF250MUC/@@download/ENCFF250MUC.bed.gz	https://www.encodeproject.org/experiments/ENCSR044UJJ/	https://www.encodeproject.org/files/ENCFF250MUC/
negative_only	TF	ATF6	ATF6	K562	ENCSR125RFR	TF ChIP-seq	ENCFF863ZFH	GRCh38	IDR thresholded peaks	1,2	2020-07-08	2020-07-08	2020-07-04T04:26:38.771212+00:00	https://www.encodeproject.org/files/ENCFF863ZFH/@@download/ENCFF863ZFH.bed.gz	https://www.encodeproject.org/experiments/ENCSR125RFR/	https://www.encodeproject.org/files/ENCFF863ZFH/
negative_only	TF	ATF7	ATF7	K562	ENCSR972ZBV	TF ChIP-seq	ENCFF371SJR	GRCh38	optimal IDR thresholded peaks	1,2	2014-07-07	2014-07-07	2016-10-31T16:03:27.289406+00:00	https://www.encodeproject.org/files/ENCFF371SJR/@@download/ENCFF371SJR.bed.gz	https://www.encodeproject.org/experiments/ENCSR972ZBV/	https://www.encodeproject.org/files/ENCFF371SJR/
negative_only	TF	CREB1	CREB1	K562	ENCSR471WXT	TF ChIP-seq	ENCFF970QKS	GRCh38	IDR thresholded peaks	1,2	2022-08-31	2022-08-31	2022-08-27T00:40:10.762699+00:00	https://www.encodeproject.org/files/ENCFF970QKS/@@download/ENCFF970QKS.bed.gz	https://www.encodeproject.org/experiments/ENCSR471WXT/	https://www.encodeproject.org/files/ENCFF970QKS/
negative_only	TF	CREB3	CREB3	K562	ENCSR093FKD	TF ChIP-seq	ENCFF606EUI	GRCh38	optimal IDR thresholded peaks	1,2	2016-03-02	2016-03-02	2016-10-28T01:47:52.868061+00:00	https://www.encodeproject.org/files/ENCFF606EUI/@@download/ENCFF606EUI.bed.gz	https://www.encodeproject.org/experiments/ENCSR093FKD/	https://www.encodeproject.org/files/ENCFF606EUI/
negative_only	TF	CREB5	CREB5	K562	ENCSR935PEA	TF ChIP-seq	ENCFF875JMR	GRCh38	IDR thresholded peaks	1,2	2020-07-20	2020-07-20	2020-07-09T03:19:16.198946+00:00	https://www.encodeproject.org/files/ENCFF875JMR/@@download/ENCFF875JMR.bed.gz	https://www.encodeproject.org/experiments/ENCSR935PEA/	https://www.encodeproject.org/files/ENCFF875JMR/
negative_only	TF	CREM	CREM	K562	ENCSR077DKV	TF ChIP-seq	ENCFF021XJN	GRCh38	optimal IDR thresholded peaks	1,2	2014-07-07	2014-07-07	2016-11-02T23:08:44.550297+00:00	https://www.encodeproject.org/files/ENCFF021XJN/@@download/ENCFF021XJN.bed.gz	https://www.encodeproject.org/experiments/ENCSR077DKV/	https://www.encodeproject.org/files/ENCFF021XJN/
negative_only	TF	DLX4	DLX4	K562	ENCSR017EJY	TF ChIP-seq	ENCFF832DBU	GRCh38	IDR thresholded peaks	1,2	2021-01-06	2021-01-06	2020-11-04T19:24:47.820887+00:00	https://www.encodeproject.org/files/ENCFF832DBU/@@download/ENCFF832DBU.bed.gz	https://www.encodeproject.org/experiments/ENCSR017EJY/	https://www.encodeproject.org/files/ENCFF832DBU/
negative_only	TF	FOXA3	FOXA3	K562	ENCSR788DXU	TF ChIP-seq	ENCFF197SXI	GRCh38	IDR thresholded peaks	1,2	2022-01-13	2022-01-13	2022-01-07T19:40:33.321044+00:00	https://www.encodeproject.org/files/ENCFF197SXI/@@download/ENCFF197SXI.bed.gz	https://www.encodeproject.org/experiments/ENCSR788DXU/	https://www.encodeproject.org/files/ENCFF197SXI/
negative_only	TF	FOXK1	FOXK1	K562	ENCSR659CCI	TF ChIP-seq	ENCFF516ZWP	GRCh38	IDR thresholded peaks	1,2	2022-01-13	2022-01-13	2022-01-01T19:12:32.230567+00:00	https://www.encodeproject.org/files/ENCFF516ZWP/@@download/ENCFF516ZWP.bed.gz	https://www.encodeproject.org/experiments/ENCSR659CCI/	https://www.encodeproject.org/files/ENCFF516ZWP/
negative_only	TF	FOXK2	FOXK2	K562	ENCSR302AWT	TF ChIP-seq	ENCFF066CWG	GRCh38	optimal IDR thresholded peaks	1,2	2016-06-14	2016-06-14	2016-10-28T18:52:28.783057+00:00	https://www.encodeproject.org/files/ENCFF066CWG/@@download/ENCFF066CWG.bed.gz	https://www.encodeproject.org/experiments/ENCSR302AWT/	https://www.encodeproject.org/files/ENCFF066CWG/
negative_only	TF	FOXP1	FOXP1	K562	ENCSR530WIV	TF ChIP-seq	ENCFF491EEI	GRCh38	IDR thresholded peaks	1,2	2022-01-13	2022-01-13	2022-01-07T19:41:47.601757+00:00	https://www.encodeproject.org/files/ENCFF491EEI/@@download/ENCFF491EEI.bed.gz	https://www.encodeproject.org/experiments/ENCSR530WIV/	https://www.encodeproject.org/files/ENCFF491EEI/
negative_only	TF	HOMEZ	HOMEZ	K562	ENCSR801JWB	TF ChIP-seq	ENCFF601LMD	GRCh38	IDR thresholded peaks	1,2	2020-08-03	2020-08-03	2020-07-03T11:47:07.686321+00:00	https://www.encodeproject.org/files/ENCFF601LMD/@@download/ENCFF601LMD.bed.gz	https://www.encodeproject.org/experiments/ENCSR801JWB/	https://www.encodeproject.org/files/ENCFF601LMD/
negative_only	TF	MAZ	MAZ	K562	ENCSR643JRH	TF ChIP-seq	ENCFF962GWS	GRCh38	IDR thresholded peaks	1,2	2020-08-03	2020-08-03	2020-07-01T01:55:03.856572+00:00	https://www.encodeproject.org/files/ENCFF962GWS/@@download/ENCFF962GWS.bed.gz	https://www.encodeproject.org/experiments/ENCSR643JRH/	https://www.encodeproject.org/files/ENCFF962GWS/
negative_only	TF	MEF2D	MEF2D	K562	ENCSR647ZXA	TF ChIP-seq	ENCFF436DME	GRCh38	optimal IDR thresholded peaks	1,2	2016-08-24	2016-08-24	2016-10-31T15:57:28.242957+00:00	https://www.encodeproject.org/files/ENCFF436DME/@@download/ENCFF436DME.bed.gz	https://www.encodeproject.org/experiments/ENCSR647ZXA/	https://www.encodeproject.org/files/ENCFF436DME/
negative_only	TF	MEIS2	MEIS2	K562	ENCSR851BNE	TF ChIP-seq	ENCFF937UEE	GRCh38	optimal IDR thresholded peaks	1,2	2014-07-07	2014-07-07	2016-10-31T16:02:24.563275+00:00	https://www.encodeproject.org/files/ENCFF937UEE/@@download/ENCFF937UEE.bed.gz	https://www.encodeproject.org/experiments/ENCSR851BNE/	https://www.encodeproject.org/files/ENCFF937UEE/
negative_only	TF	MGA	MGA	K562	ENCSR710WLO	TF ChIP-seq	ENCFF525MPI	GRCh38	optimal IDR thresholded peaks	1,2	2016-12-19	2016-12-19	2016-12-10T05:45:34.454849+00:00	https://www.encodeproject.org/files/ENCFF525MPI/@@download/ENCFF525MPI.bed.gz	https://www.encodeproject.org/experiments/ENCSR710WLO/	https://www.encodeproject.org/files/ENCFF525MPI/
negative_only	TF	MTF1	MTF1	K562	ENCSR849LXI	TF ChIP-seq	ENCFF478MAJ	GRCh38	IDR thresholded peaks	1,2	2021-11-08	2021-11-08	2021-10-27T03:40:30.067920+00:00	https://www.encodeproject.org/files/ENCFF478MAJ/@@download/ENCFF478MAJ.bed.gz	https://www.encodeproject.org/experiments/ENCSR849LXI/	https://www.encodeproject.org/files/ENCFF478MAJ/
negative_only	TF	MYNN	MYNN	K562	ENCSR307YJU	TF ChIP-seq	ENCFF603EAX	GRCh38	IDR thresholded peaks	1,2	2021-12-08	2021-12-08	2021-11-25T01:24:30.450497+00:00	https://www.encodeproject.org/files/ENCFF603EAX/@@download/ENCFF603EAX.bed.gz	https://www.encodeproject.org/experiments/ENCSR307YJU/	https://www.encodeproject.org/files/ENCFF603EAX/
negative_only	TF	NFIC	NFIC	K562	ENCSR796ITY	TF ChIP-seq	ENCFF092TVM	GRCh38	optimal IDR thresholded peaks	1,2	2017-05-17	2017-05-17	2016-11-18T17:24:59.083578+00:00	https://www.encodeproject.org/files/ENCFF092TVM/@@download/ENCFF092TVM.bed.gz	https://www.encodeproject.org/experiments/ENCSR796ITY/	https://www.encodeproject.org/files/ENCFF092TVM/
negative_only	TF	NR2F2	NR2F2	K562	ENCSR000BRS	TF ChIP-seq	ENCFF118HUH	GRCh38	optimal IDR thresholded peaks	1,2	2012-02-29	2012-02-29	2016-12-16T08:43:24.148729+00:00	https://www.encodeproject.org/files/ENCFF118HUH/@@download/ENCFF118HUH.bed.gz	https://www.encodeproject.org/experiments/ENCSR000BRS/	https://www.encodeproject.org/files/ENCFF118HUH/
negative_only	TF	PATZ1	PATZ1	K562	ENCSR549PVK	TF ChIP-seq	ENCFF743JJF	GRCh38	IDR thresholded peaks	1,2	2020-10-07	2020-10-07	2020-07-09T07:13:25.060339+00:00	https://www.encodeproject.org/files/ENCFF743JJF/@@download/ENCFF743JJF.bed.gz	https://www.encodeproject.org/experiments/ENCSR549PVK/	https://www.encodeproject.org/files/ENCFF743JJF/
negative_only	TF	PBX2	PBX2	K562	ENCSR263DFP	TF ChIP-seq	ENCFF685CMQ	GRCh38	optimal IDR thresholded peaks	1,2	2016-08-24	2016-08-24	2016-10-31T15:57:29.454492+00:00	https://www.encodeproject.org/files/ENCFF685CMQ/@@download/ENCFF685CMQ.bed.gz	https://www.encodeproject.org/experiments/ENCSR263DFP/	https://www.encodeproject.org/files/ENCFF685CMQ/
negative_only	TF	PPARD	PPARD	K562	ENCSR576AMK	TF ChIP-seq	ENCFF893YKY	GRCh38	IDR thresholded peaks	1,2	2022-01-05	2022-01-05	2021-12-22T02:13:28.776244+00:00	https://www.encodeproject.org/files/ENCFF893YKY/@@download/ENCFF893YKY.bed.gz	https://www.encodeproject.org/experiments/ENCSR576AMK/	https://www.encodeproject.org/files/ENCFF893YKY/
negative_only	TF	TBX18	TBX18	K562	ENCSR385IUC	TF ChIP-seq	ENCFF405EGZ	GRCh38	IDR thresholded peaks	1,2	2020-08-03	2020-08-03	2020-07-03T13:20:45.142942+00:00	https://www.encodeproject.org/files/ENCFF405EGZ/@@download/ENCFF405EGZ.bed.gz	https://www.encodeproject.org/experiments/ENCSR385IUC/	https://www.encodeproject.org/files/ENCFF405EGZ/
negative_only	TF	TFAP4	TFAP4	K562	ENCSR784IMK	TF ChIP-seq	ENCFF438IYI	GRCh38	IDR thresholded peaks	1,2	2022-08-23	2022-08-23	2022-08-19T05:06:27.435051+00:00	https://www.encodeproject.org/files/ENCFF438IYI/@@download/ENCFF438IYI.bed.gz	https://www.encodeproject.org/experiments/ENCSR784IMK/	https://www.encodeproject.org/files/ENCFF438IYI/
negative_only	TF	TGIF2	TGIF2	K562	ENCSR028WJI	TF ChIP-seq	ENCFF238XIA	GRCh38	IDR thresholded peaks	1,2	2022-10-03	2022-10-03	2022-09-28T18:13:26.481377+00:00	https://www.encodeproject.org/files/ENCFF238XIA/@@download/ENCFF238XIA.bed.gz	https://www.encodeproject.org/experiments/ENCSR028WJI/	https://www.encodeproject.org/files/ENCFF238XIA/
negative_only	TF	ZBTB12	ZBTB12	K562	ENCSR172OSX	TF ChIP-seq	ENCFF830MTX	GRCh38	IDR thresholded peaks	1,2	2020-08-03	2020-08-03	2020-07-03T21:38:09.374642+00:00	https://www.encodeproject.org/files/ENCFF830MTX/@@download/ENCFF830MTX.bed.gz	https://www.encodeproject.org/experiments/ENCSR172OSX/	https://www.encodeproject.org/files/ENCFF830MTX/
negative_only	TF	ZNF212	ZNF212	K562	ENCSR002ZGC	TF ChIP-seq	ENCFF435MHH	GRCh38	IDR thresholded peaks	1,2	2020-08-03	2020-08-03	2020-07-07T07:53:21.239603+00:00	https://www.encodeproject.org/files/ENCFF435MHH/@@download/ENCFF435MHH.bed.gz	https://www.encodeproject.org/experiments/ENCSR002ZGC/	https://www.encodeproject.org/files/ENCFF435MHH/
negative_only	TF	ZNF263	ZNF263	K562	ENCSR845GGY	TF ChIP-seq	ENCFF295XBK	GRCh38	IDR thresholded peaks	1,2	2022-08-15	2022-08-15	2022-07-23T00:44:05.551927+00:00	https://www.encodeproject.org/files/ENCFF295XBK/@@download/ENCFF295XBK.bed.gz	https://www.encodeproject.org/experiments/ENCSR845GGY/	https://www.encodeproject.org/files/ENCFF295XBK/
