result_dir	target	cell_line	run_id	all_events	up_events	down_events	status
ACO1_HepG2_result	ACO1	HepG2	ACO1_HepG2	250	129	121	ok
ARID3A_K562_result	ARID3A	K562	ARID3A_K562	172	98	74	ok
ARX_result	ARX		ARX	54	28	26	ok
BACH1_K562_result	BACH1	K562	BACH1_K562	171	97	74	ok
CPEB4_result	CPEB4		CPEB4	412	168	244	ok
DAZAP1_result	DAZAP1		DAZAP1	458	182	276	ok
DAZAP1_result_HepG2	DAZAP1	HepG2	DAZAP1_HepG2	148	92	56	ok
DLX1_K562_result	DLX1	K562	DLX1_K562	201	80	121	ok
E2F4_result	E2F4		E2F4	432	102	330	ok
E2F6_result	E2F6		E2F6	411	100	311	ok
E2F7_result	E2F7		E2F7	207	37	170	ok
EIF2S1_result	EIF2S1		EIF2S1	407	146	261	ok
EIF2S1_result_HepG2	EIF2S1	HepG2	EIF2S1_HepG2	150	76	74	ok
EIF4B_K562_result	EIF4B	K562	EIF4B_K562	217	69	148	ok
ERF_K562_result	ERF	K562	ERF_K562	212	133	79	ok
FMR1_K562_result	FMR1	K562	FMR1_K562	174	76	98	ok
FOXF2_result	FOXF2		FOXF2	90	51	39	ok
FOXM1_K562_result	FOXM1	K562	FOXM1_K562	252	101	151	ok
FUS_HepG2_result	FUS	HepG2	FUS_HepG2	224	93	131	ok
FXR1_K562_result	FXR1	K562	FXR1_K562	309	73	236	ok
FXR2_K562_result	FXR2	K562	FXR2_K562	157	35	122	ok
G3BP2_HepG2_result	G3BP2	HepG2	G3BP2_HepG2	198	158	40	ok
GATA1_result	GATA1		GATA1	395	119	276	ok
GATA2_K562_result	GATA2	K562	GATA2_K562	235	95	140	ok
GLI1_result	GLI1		GLI1	13	7	6	ok
HAND2_result	HAND2		HAND2	275	150	125	ok
HNRNPC_result	HNRNPC		HNRNPC	179	74	105	ok
HNRNPC_result_HepG2	HNRNPC	HepG2	HNRNPC_HepG2	118	81	37	ok
HNRNPK_HepG2_result	HNRNPK	HepG2	HNRNPK_HepG2	249	215	34	ok
HNRNPLL_HepG2_result	HNRNPLL	HepG2	HNRNPLL_HepG2	172	100	72	ok
HNRNPL_K562_result	HNRNPL	K562	HNRNPL_K562	272	98	174	ok
HOXB4_K562_result	HOXB4	K562	HOXB4_K562	186	88	98	ok
HOXB9_K562_result	HOXB9	K562	HOXB9_K562	177	42	135	ok
HOXC6_result	HOXC6		HOXC6	107	59	48	ok
HSF1_K562_result	HSF1	K562	HSF1_K562	200	104	96	ok
KHDRBS1_HepG2_result	KHDRBS1	HepG2	KHDRBS1_HepG2	287	49	238	ok
KLF11_result	KLF11		KLF11	23	5	18	ok
KLF15_result	KLF15		KLF15	175	50	125	ok
KLF16_result	KLF16		KLF16	170	106	64	ok
KLF2_K562_result	KLF2	K562	KLF2_K562	155	38	117	ok
KLF5_result	KLF5		KLF5	62	42	20	ok
KLF7_result	KLF7		KLF7	63	22	41	ok
LIN28B_K562_result	LIN28B	K562	LIN28B_K562	198	110	88	ok
MATR3_result	MATR3		MATR3	464	163	301	ok
MATR3_result_HepG2	MATR3	HepG2	MATR3_HepG2	110	41	69	ok
MAZ_result	MAZ		MAZ	109	27	82	ok
MBNL1_result	MBNL1		MBNL1	393	221	172	ok
MITF_K562_result	MITF	K562	MITF_K562	183	104	79	ok
NCL_result	NCL		NCL	470	190	280	ok
NCL_result_HepG2	NCL	HepG2	NCL_HepG2	137	57	80	ok
NFATC1_K562_result	NFATC1	K562	NFATC1_K562	132	63	69	ok
NFE2L1_K562_result	NFE2L1	K562	NFE2L1_K562	254	119	135	ok
NFYB_K562_result	NFYB	K562	NFYB_K562	276	144	132	ok
NONO_result	NONO		NONO	452	89	363	ok
NONO_result_HepG2	NONO	HepG2	NONO_HepG2	110	45	65	ok
NR4A1_result	NR4A1		NR4A1	341	145	196	ok
NRF1_K562_result	NRF1	K562	NRF1_K562	201	113	88	ok
PABPC1_K562_result	PABPC1	K562	PABPC1_K562	221	139	82	ok
PABPC4_result	PABPC4		PABPC4	349	245	104	ok
PABPC4_result_HepG2	PABPC4	HepG2	PABPC4_HepG2	183	99	84	ok
PCBP1_result	PCBP1		PCBP1	383	193	190	ok
PCBP1_result_HepG2	PCBP1	HepG2	PCBP1_HepG2	133	58	75	ok
PCBP2_result	PCBP2		PCBP2	393	238	155	ok
PCBP2_result_HepG2	PCBP2	HepG2	PCBP2_HepG2	154	126	28	ok
PCBP3_result	PCBP3		PCBP3	406	182	224	ok
POU6F1_result	POU6F1		POU6F1	7	3	4	ok
PPARD_result	PPARD		PPARD	7	5	2	ok
PTBP1_K562_result	PTBP1	K562	PTBP1_K562	314	64	250	ok
RBM3_K562_result	RBM3	K562	RBM3_K562	318	266	52	ok
RBM8A_result	RBM8A		RBM8A	356	184	172	ok
RELA_K562_result	RELA	K562	RELA_K562	176	134	42	ok
SART3_K562_result	SART3	K562	SART3_K562				missing_all_events,up_events,down_events
SF3B4_result	SF3B4		SF3B4	321	230	91	ok
SF3B4_result_HepG2	SF3B4	HepG2	SF3B4_HepG2	145	82	63	ok
SMAD5_K562_result	SMAD5	K562	SMAD5_K562	208	105	103	ok
SNAI1_result	SNAI1		SNAI1	159	64	95	ok
SNRNP70_result_HepG2	SNRNP70	HepG2	SNRNP70_HepG2	119	92	27	ok
SOX13_result	SOX13		SOX13	152	92	60	ok
SOX15_result	SOX15		SOX15	47	18	29	ok
SOX17_result	SOX17		SOX17	122	55	67	ok
SP1_result	SP1		SP1	409	160	249	ok
SP2_result	SP2		SP2				missing_all_events,up_events,down_events
SRF_K562_result	SRF	K562	SRF_K562	184	88	96	ok
SRSF4_result	SRSF4		SRSF4	318	168	150	ok
SRSF4_result_HepG2	SRSF4	HepG2	SRSF4_HepG2	186	121	65	ok
SRSF7_result	SRSF7		SRSF7	377	162	215	ok
SRSF7_result_HepG2	SRSF7	HepG2	SRSF7_HepG2	83	60	23	ok
SRSF9_result	SRSF9		SRSF9	413	159	254	ok
SRSF9_result_HepG2	SRSF9	HepG2	SRSF9_HepG2	148	52	96	ok
STAT1_K562_result	STAT1	K562	STAT1_K562	185	83	102	ok
STAT6_K562_result	STAT6	K562	STAT6_K562	203	62	141	ok
TARDBP_HepG2_result	TARDBP	HepG2	TARDBP_HepG2	202	113	89	ok
TCF3_result	TCF3		TCF3	274	142	132	ok
TCF4_result	TCF4		TCF4	248	114	134	ok
TCF7L1_result	TCF7L1		TCF7L1	41	20	21	ok
TFDP1_K562_result	TFDP1	K562	TFDP1_K562	267	133	134	ok
TIA1_result	TIA1		TIA1	402	124	278	ok
TIA1_result_HepG2	TIA1	HepG2	TIA1_HepG2	184	94	90	ok
U2AF2_result	U2AF2		U2AF2	191	159	32	ok
U2AF2_result_HepG2	U2AF2	HepG2	U2AF2_HepG2	173	150	23	ok
USF1_K562_result	USF1	K562	USF1_K562	180	52	128	ok
USF2_K562_result	USF2	K562	USF2_K562	372	248	124	ok
YBX1_result	YBX1	K562	YBX1	412	214	198	ok
YBX1_result_HepG2	YBX1	HepG2	YBX1_HepG2	178	53	125	ok
YBX3_HepG2_result	YBX3	HepG2	YBX3_HepG2	176	65	111	ok
ZEB1_result	ZEB1		ZEB1	188	70	118	ok
ZEB2_result	ZEB2		ZEB2	237	98	139	ok
ZNF180_result	ZNF180		ZNF180	427	93	334	ok
ZNF281_result	ZNF281		ZNF281	42	27	15	ok
ZNF384_result	ZNF384		ZNF384	435	89	346	ok
