Query_ID	Target_ID	Optimal_offset	p-value	E-value	q-value	Overlap	Query_consensus	Target_consensus	Orientation
motif_1185	HNRNPH2	0.0	1.7347299999999999e-06	0.000170003	0.00032706799999999997	7.0	CCCTCCC	CCCTCCC	-
motif_327	RBM4B	0.0	1.2093499999999999e-05	0.00118516	0.00114858	7.0	GCGCGGG	GCGCGGG	+
motif_2121	RBM4	0.0	8.761260000000001e-06	0.000858603	0.00114858	7.0	CCCGCGC	CCCGCGC	-
motif_4974	PCBP3	0.0	9.772200000000001e-06	0.0009576760000000001	0.00186283	8.0	CTTTCCCT	CTTTCCCT	+
motif_3538	RBM8A	0.0	2.41869e-05	0.00237031	0.00228499	7.0	GCGCGCGC	GCGCGCG	+
motif_3538	PPRC1	0.0	7.18686e-05	0.00704312	0.00334768	7.0	GCGCGCGC	GCGCGCG	+
motif_3446	ZC3H10	0.0	1.8394e-05	0.00180261	0.00358636	7.0	GCGCTGC	GCGCTGC	-
motif_1478	CPEB4	0.0	2.0767399999999997e-05	0.0020352	0.00381784	7.0	AAAAAAG	AAAAAAG	-
motif_4233	RALY	0.0	2.0767399999999997e-05	0.0020352	0.00383722	7.0	CAAAAAA	CAAAAAA	-
motif_4233	TIA1	0.0	7.47638e-05	0.00732686	0.00690712	7.0	CAAAAAA	CAAAAAA	-
motif_3625	RBM5	0.0	3.56663e-05	0.0034953000000000002	0.00695403	7.0	GAAGGAA	GAAGGAA	+
motif_2685	PABPC4	0.0	7.75286e-05	0.007597800000000001	0.00712951	7.0	AAAAAAAG	AAAAAAA	+
motif_614	SRSF4	0.0	3.79962e-05	0.00372362	0.00714981	7.0	CCCCTCC	CCCCTCC	-
motif_5020	MBNL1	0.0	3.82334e-05	0.00374687	0.00737634	6.0	GCAAGC	GCAAGCT	-
motif_2172	PCBP2	0.0	4.04174e-05	0.0039609	0.00771789	7.0	GGGAAGG	GGGAAGG	-
motif_1922	HNRNPC	0.0	8.889950000000001e-05	0.00871215	0.00816792	7.0	ATTTTTT	ATTTTTT	+
motif_1922	HNRNPCL1	0.0	7.419909999999999e-05	0.00727151	0.00816792	7.0	ATTTTTT	ATTTTTT	+
motif_1752	SART3	0.0	9.08619e-05	0.00890446	0.00824746	7.0	TTTTTCT	TTTTTCT	-
motif_1752	PABPC1	0.0	9.08619e-05	0.00890446	0.00824746	7.0	TTTTTCT	TTTTTCT	-
motif_1478	CPEB2	0.0	9.8212e-05	0.00962477	0.00902756	7.0	AAAAAAG	AAAAAAG	-
motif_3632	ELAVL2	1.0	7.2673e-05	0.00712196	0.00971835	10.0	AAAAAAAAAG	CGAAAAAAAAGGAT	-
motif_690	PABPC5	0.0	5.4739799999999994e-05	0.0053645	0.010267299999999998	7.0	AGAAAAT	AGAAAAT	+
motif_3480	U2AF2	-1.0	0.000149522	0.014653200000000002	0.010921799999999999	7.0	AGAAAAAA	GAAAAAA	-
motif_5010	DAZAP1	0.0	5.8776499999999995e-05	0.005760100000000001	0.0114009	7.0	TAGGTAG	TAGGTAG	+
motif_4930	Fusip1	0.0	6.14505e-05	0.00602215	0.011653299999999998	7.0	TTTCTCT	TTTCTCT	-
motif_1133	SRSF2	0.0	6.09671e-05	0.00597478	0.011698299999999998	8.0	AGGAGAAG	AGGAGAGG	+
motif_2629	FMR1	0.0	6.56412e-05	0.00643284	0.0126665	7.0	GGACAGG	GGACAAG	+
motif_4183	ROD1	0.0	6.74088e-05	0.00660606	0.012853100000000001	7.0	AGAAAGT	AGAAAGT	-
motif_1598	PTBP1	0.0	7.31475e-05	0.00716845	0.0132721	7.0	AGAAAAG	AGAAAAG	-
motif_2629	FXR2	0.0	0.00014754	0.0144589	0.014235	7.0	GGACAGG	GGACGGG	+
motif_4722	RBM38	1.0	0.00034856300000000003	0.0341591	0.0145373	6.0	TGTGTG	GTGTGTG	+
motif_4722	hnRNPLL	0.0	0.000219323	0.0214937	0.0145373	6.0	TGTGTG	TGTGTGT	-
motif_4722	BRUNOL4	0.0	0.00038266099999999996	0.0375008	0.0145373	6.0	TGTGTG	TGTGTGT	+
motif_4722	BRUNOL5	0.0	0.000219323	0.0214937	0.0145373	6.0	TGTGTG	TGTGTGT	+
motif_4722	HNRNPL	0.0	0.00038266099999999996	0.0375008	0.0145373	6.0	TGTGTG	TGTGTGT	-
motif_3375	SF3B4	0.0	7.77705e-05	0.00762151	0.0149192	6.0	CTTTTG	CTTTTGA	-
motif_5308	KHDRBS1	0.0	8.30172e-05	0.00813568	0.0156716	7.0	ATAAAAG	ATAAAAG	+
motif_4684	ANKHD1	0.0	8.75251e-05	0.00857746	0.0171532	7.0	AGACGTA	AGACGTA	+
motif_2759	BRUNOL6	0.0	0.00010278799999999999	0.010073200000000001	0.019701	7.0	CCCCACA	CACCACA	-
motif_3354	SRSF9	0.0	0.00010658	0.010444799999999999	0.020566099999999997	7.0	GGGAGGA	GGAAGGA	+
motif_4028	HNRNPA2B1	0.0	0.000113115	0.0110852	0.021823099999999998	6.0	TCCCTA	TCCCTAA	-
motif_3099	NONO	0.0	0.00035479699999999996	0.0347701	0.0223391	5.0	TCCCTCC	TCCCT	-
motif_2393	SFPQ	0.0	0.000126055	0.012353399999999999	0.024192500000000002	7.0	GTGGTGT	GTAGTGT	+
motif_4434	PABPN1	0.0	0.00043293199999999997	0.0424273	0.0243566	7.0	AGAAAAC	AGAAGAC	+
motif_4871	PCBP1	0.0	0.000126055	0.012353399999999999	0.024577599999999998	7.0	GGTAAGG	GGAAAGG	-
