Class	Category	Assay	Cell_line	Original_ID	Target	Experiment	Peak_accession	Peak_file	start_in_gene_filter	IR_total_annotated	NonIR_total_annotated	IR_event_region_overlap	NonIR_event_region_overlap	IR_event_region_occupancy_%	NonIR_event_region_occupancy_%	event_region_peak_event_count_IR	event_region_peak_event_count_NonIR	event_region_odds_ratio	event_region_fisher_p_value	IR_intron_only_overlap	NonIR_intron_only_overlap	IR_intron_only_occupancy_%	NonIR_intron_only_occupancy_%	intron_only_peak_event_count_IR	intron_only_peak_event_count_NonIR	intron_only_odds_ratio	intron_only_fisher_p_value
control	TF	TF ChIP-seq	GM12878	JUND	JUND	ENCSR000DYS	ENCFF873DJD	/bigdata/wmalab/yzhan677/ChIP-seq_GM12878/JUND/JUND_GM12878_ENCSR000DYS_ENCFF873DJD_GRCh38_rep1-2.narrowPeak.bed	yes	2995	6877	69	306	2.303839732888147	4.449614657554166	79	341	0.5063896371945907	1.1445684190804625e-07	28	38	0.9348914858096827	0.5525665261014978	31	41	1.6984371951111348	0.042831272864903853
control	TF	TF ChIP-seq	GM12878	MEF2A	MEF2A	ENCSR000BKB	ENCFF958GXF	/bigdata/wmalab/yzhan677/ChIP-seq_GM12878/MEF2A/MEF2A_GM12878_ENCSR000BKB_ENCFF958GXF_GRCh38_rep1-2.narrowPeak.bed	yes	2995	6877	170	724	5.676126878130217	10.52784644467064	222	1291	0.5114213073876693	1.1026104075948754e-15	71	113	2.370617696160267	1.6431583539334012	81	121	1.453470212946261	0.01860349542186573
control	TF	TF ChIP-seq	GM12878	TBP	TBP	ENCSR000DZZ	ENCFF896UZB	/bigdata/wmalab/yzhan677/ChIP-seq_GM12878/TBP/TBP_GM12878_ENCSR000DZZ_ENCFF896UZB_GRCh38_rep1-2.narrowPeak.bed	yes	2995	6877	137	407	4.574290484140234	5.918278319034463	200	935	0.7620232357811084	0.00717047673851009	66	76	2.2036727879799667	1.1051330522029956	79	91	2.0164327685037104	4.619677102204327e-05
control	TF	TF ChIP-seq	HepG2	E2F1	E2F1	ENCSR717ZZW	ENCFF049BWK	/bigdata/wmalab/yzhan677/ChIP-seq_HepG2/E2F1/E2F1_HepG2_ENCSR717ZZW_ENCFF049BWK_GRCh38_rep1-2.narrowPeak.bed	yes	502	8607	20	258	3.9840637450199203	2.997560125479261	30	387	1.342757888642285	0.22732909774543464	9	51	1.7928286852589643	0.5925409550365981	11	66	3.062641689535855	0.005225523349576408
control	TF	TF ChIP-seq	HepG2	ETV5	ETV5	ENCSR096IIB	ENCFF923NCW	/bigdata/wmalab/yzhan677/ChIP-seq_HepG2/ETV5/ETV5_HepG2_ENCSR096IIB_ENCFF923NCW_GRCh38_rep1-2.narrowPeak.bed	yes	502	8607	46	870	9.163346613545817	10.108051585918439	64	1419	0.8971113127646703	0.541556421621108	20	141	3.9840637450199203	1.6382014639247124	23	150	2.4913922486095172	0.0006260275140847104
control	TF	TF ChIP-seq	HepG2	JUND	JUND	ENCSR282ZLP	ENCFF383BYS	/bigdata/wmalab/yzhan677/ChIP-seq_HepG2/JUND/JUND_HepG2_ENCSR282ZLP_ENCFF383BYS_GRCh38_rep1-2.narrowPeak.bed	yes	502	8607	30	449	5.9760956175298805	5.216684094341815	39	683	1.1548261673776	0.4705599933791411	16	63	3.187250996015936	0.73196235622168	19	74	4.464824612972762	4.862471598501107e-06
control	TF	TF ChIP-seq	HepG2	LCORL	LCORL	ENCSR880PMU	ENCFF606UCO	/bigdata/wmalab/yzhan677/ChIP-seq_HepG2/LCORL/LCORL_HepG2_ENCSR880PMU_ENCFF606UCO_GRCh38_rep1-2.narrowPeak.bed	yes	502	8607	57	974	11.354581673306772	11.316370396189148	99	1970	1.003809150266479	0.9423334609596516	24	221	4.780876494023905	2.5676774718252586	41	273	1.905223499119635	0.006260883642358153
control	TF	TF ChIP-seq	HepG2	MEF2A	MEF2A	ENCSR291MJH	ENCFF938PFW	/bigdata/wmalab/yzhan677/ChIP-seq_HepG2/MEF2A/MEF2A_HepG2_ENCSR291MJH_ENCFF938PFW_GRCh38_rep1-2.narrowPeak.bed	yes	502	8607	14	289	2.788844621513944	3.3577320785407228	19	410	0.8257133132906007	0.6076825000920547	7	34	1.394422310756972	0.39502730335773206	11	39	3.565715983363042	0.006497796513517429
control	TF	TF ChIP-seq	HepG2	SMAD4	SMAD4	ENCSR826YMT	ENCFF541EKJ	/bigdata/wmalab/yzhan677/ChIP-seq_HepG2/SMAD4/SMAD4_HepG2_ENCSR826YMT_ENCFF541EKJ_GRCh38_rep1-2.narrowPeak.bed	yes	502	8607	67	1194	13.346613545816732	13.872429417915649	93	2243	0.9562583030092994	0.790410675423132	24	197	4.780876494023905	2.288834669455095	29	219	2.1434488031773675	0.0014116178913218293
control	TF	TF ChIP-seq	HepG2	TBP	TBP	ENCSR798KXG	ENCFF196KRF	/bigdata/wmalab/yzhan677/ChIP-seq_HepG2/TBP/TBP_HepG2_ENCSR798KXG_ENCFF196KRF_GRCh38_rep1-2.narrowPeak.bed	yes	502	8607	13	58	2.589641434262948	0.673870105727896	20	76	3.9185177349975318	0.00011316430287248846	7	6	1.394422310756972	0.06971070059254096	9	6	20.27171717171717	1.9014651286540274e-06
control	TF	TF ChIP-seq	HepG2	TBX2	TBX2	ENCSR410FEH	ENCFF946LHJ	/bigdata/wmalab/yzhan677/ChIP-seq_HepG2/TBX2/TBX2_HepG2_ENCSR410FEH_ENCFF946LHJ_GRCh38_rep1-2.narrowPeak.bed	yes	502	8607	57	1067	11.354581673306772	12.396886255373534	99	2176	0.9051525330918357	0.5300662561750746	30	241	5.9760956175298805	2.800046473800395	42	300	2.2063787889443702	0.00022109417014187048
control	TF	TF ChIP-seq	HepG2	ZNF205	ZNF205	ENCSR157CEN	ENCFF766KKU	/bigdata/wmalab/yzhan677/ChIP-seq_HepG2/ZNF205/ZNF205_HepG2_ENCSR157CEN_ENCFF766KKU_GRCh38_rep1-2.narrowPeak.bed	yes	502	8607	51	545	10.159362549800797	6.33205530382247	69	901	1.672784230761407	0.001496648589840761	23	87	4.581673306772909	1.0108051585918438	34	98	4.7023252465625225	2.208019127840549e-08
control	TF	TF ChIP-seq	HepG2	ZNF501	ZNF501	ENCSR227PHM	ENCFF322IVF	/bigdata/wmalab/yzhan677/ChIP-seq_HepG2/ZNF501/ZNF501_HepG2_ENCSR227PHM_ENCFF322IVF_GRCh38_rep1-2.narrowPeak.bed	yes	502	8607	70	769	13.94422310756972	8.934588125943998	110	1520	1.6515556518807495	0.0003359646083924574	32	195	6.374501992031872	2.265597769257581	46	272	2.93708674304419	7.922778490500188e-07
control	TF	TF ChIP-seq	K562	DMBX1	DMBX1	ENCSR091IQZ	ENCFF359ZQQ	/bigdata/wmalab/yzhan677/ChIP-seq_K562/DMBX1/DMBX1_K562_ENCSR091IQZ_ENCFF359ZQQ_GRCh38_rep3-4.narrowPeak.bed	yes	2645	5737	149	350	5.633270321361058	6.100749520655395	232	670	0.9187992216117216	0.426878425605022	59	58	2.23062381852552	1.0109813491371797	73	70	2.2339187134970797	2.075902826080158e-05
control	TF	TF ChIP-seq	K562	E2F1	E2F1	ENCSR153DWR	ENCFF904RTN	/bigdata/wmalab/yzhan677/ChIP-seq_K562/E2F1/E2F1_K562_ENCSR153DWR_ENCFF904RTN_GRCh38_rep1-2.narrowPeak.bed	yes	2645	5737	115	142	4.3478260869565215	2.4751612340944744	157	238	1.7909731113956466	8.17213808985935e-06	58	24	2.1928166351606806	0.4183371099877985	78	28	5.336844478804278	3.2349002546018725e-13
control	TF	TF ChIP-seq	K562	ETV5	ETV5	ENCSR971EWR	ENCFF604LXR	/bigdata/wmalab/yzhan677/ChIP-seq_K562/ETV5/ETV5_K562_ENCSR971EWR_ENCFF604LXR_GRCh38_rep1-2.narrowPeak.bed	yes	2645	5737	162	271	6.1247637051039705	4.723723200278891	242	499	1.3159477063961136	0.007903058349895117	70	56	2.6465028355387523	0.9761199233048632	85	70	2.757766990291262	3.139352281735981e-08
control	TF	TF ChIP-seq	K562	HES1	HES1	ENCSR091JXL	ENCFF010OOE	/bigdata/wmalab/yzhan677/ChIP-seq_K562/HES1/HES1_K562_ENCSR091JXL_ENCFF010OOE_GRCh38_rep1-2.narrowPeak.bed	yes	2645	5737	102	311	3.856332703213611	5.420951716925222	117	436	0.6997988299006288	0.0019416956218505973	36	44	1.3610586011342156	0.7669513683109639	41	49	1.7853235304366006	0.011070964522231191
control	TF	TF ChIP-seq	K562	JUND	JUND	ENCSR000EGN	ENCFF213EYD	/bigdata/wmalab/yzhan677/ChIP-seq_K562/JUND/JUND_K562_ENCSR000EGN_ENCFF213EYD_GRCh38_rep1-2.narrowPeak.bed	yes	2645	5737	384	977	14.517958412098297	17.02980651908663	567	1851	0.8274524591930184	0.003727471989065238	143	172	5.406427221172023	2.9980826215792225	166	187	1.8492066811666945	1.7297189317298097e-07
control	TF	TF ChIP-seq	K562	MEF2A	MEF2A	ENCSR000BNV	ENCFF310SMW	/bigdata/wmalab/yzhan677/ChIP-seq_K562/MEF2A/MEF2A_K562_ENCSR000BNV_ENCFF310SMW_GRCh38_rep1-2.narrowPeak.bed	yes	2645	5737	9	33	0.3402646502835539	0.5752135262332229	10	34	0.5901503655676645	0.18424889989220827	2	2	0.07561436672967864	0.03486142583231654	2	2	2.1698827090427546	0.5952066434451071
control	TF	TF ChIP-seq	K562	RUNX1	RUNX1	ENCSR588AKU	ENCFF091MQJ	/bigdata/wmalab/yzhan677/ChIP-seq_K562/RUNX1/RUNX1_K562_ENCSR588AKU_ENCFF091MQJ_GRCh38_rep1-2.narrowPeak.bed	yes	2645	5737	52	127	1.9659735349716445	2.2137005403521	66	146	0.885849546477342	0.5156425262389928	19	12	0.718336483931947	0.20916855499389925	22	13	3.451859609037827	0.0007202417758772459
control	TF	TF ChIP-seq	K562	SMAD4	SMAD4	ENCSR068QXO	ENCFF934NEX	/bigdata/wmalab/yzhan677/ChIP-seq_K562/SMAD4/SMAD4_K562_ENCSR068QXO_ENCFF934NEX_GRCh38_rep1-2.narrowPeak.bed	yes	2645	5737	110	179	4.158790170132325	3.1200976119923305	133	233	1.3473493989179421	0.01710377839262061	42	32	1.5879017013232515	0.5577828133170646	44	34	2.876608720706877	7.316773366307267e-06
control	TF	TF ChIP-seq	K562	TBP	TBP	ENCSR000EHA	ENCFF370YGS	/bigdata/wmalab/yzhan677/ChIP-seq_K562/TBP/TBP_K562_ENCSR000EHA_ENCFF370YGS_GRCh38_rep1-2.narrowPeak.bed	yes	2645	5737	177	308	6.691871455576559	5.368659578176747	233	538	1.2641460039150476	0.017919489399430374	73	74	2.75992438563327	1.289872755795712	86	81	2.1720345929132865	4.069790080439386e-06
control	TF	TF ChIP-seq	K562	ZNF140	ZNF140	ENCSR377HQG	ENCFF207XCM	/bigdata/wmalab/yzhan677/ChIP-seq_K562/ZNF140/ZNF140_K562_ENCSR377HQG_ENCFF207XCM_GRCh38_rep1-2.narrowPeak.bed	yes	2645	5737	7	18	0.26465028355387527	0.31375283249084884	7	20	0.8430839861848202	0.8309305608916009	1	0	0.03780718336483932	0.0	1	0	inf	0.3155571462658077
control	TF	TF ChIP-seq	K562	ZNF324	ZNF324	ENCSR712KVZ	ENCFF265MQC	/bigdata/wmalab/yzhan677/ChIP-seq_K562/ZNF324/ZNF324_K562_ENCSR712KVZ_ENCFF265MQC_GRCh38_rep1-2.narrowPeak.bed	yes	2645	5737	57	213	2.155009451795841	3.712741851141712	72	313	0.5711953327383155	0.00013850733262935088	7	9	0.26465028355387527	0.15687641624542442	10	9	1.6888214977676692	0.2921417151288004
