Class	Category	Original_ID	ENCODE_Target	Assay	Cell_Line	Run_ID	Condition	Replicate_Index	Biological_Replicate	Read	Experiment	File_Accession	Download_URL	Local_Subdir	Local_File
positive	TF	ERF	ERF	CRISPRi RNA-seq	K562	ERF_K562	KO	1	1	1	ENCSR268DNJ	ENCFF505RLY	https://www.encodeproject.org/files/ENCFF505RLY/@@download/ENCFF505RLY.fastq.gz	TF_knockdown/ERF_K562	ERF_K562_1_1.fastq.gz
positive	TF	ERF	ERF	CRISPRi RNA-seq	K562	ERF_K562	KO	1	1	2	ENCSR268DNJ	ENCFF074RIY	https://www.encodeproject.org/files/ENCFF074RIY/@@download/ENCFF074RIY.fastq.gz	TF_knockdown/ERF_K562	ERF_K562_1_2.fastq.gz
positive	TF	ERF	ERF	CRISPRi RNA-seq	K562	ERF_K562	KO	2	2	1	ENCSR268DNJ	ENCFF855BLA	https://www.encodeproject.org/files/ENCFF855BLA/@@download/ENCFF855BLA.fastq.gz	TF_knockdown/ERF_K562	ERF_K562_2_1.fastq.gz
positive	TF	ERF	ERF	CRISPRi RNA-seq	K562	ERF_K562	KO	2	2	2	ENCSR268DNJ	ENCFF424DAC	https://www.encodeproject.org/files/ENCFF424DAC/@@download/ENCFF424DAC.fastq.gz	TF_knockdown/ERF_K562	ERF_K562_2_2.fastq.gz
positive	TF	ERF	ERF	CRISPRi RNA-seq	K562	ERF_K562	control	1	1	1	ENCSR095PIC	ENCFF112FMQ	https://www.encodeproject.org/files/ENCFF112FMQ/@@download/ENCFF112FMQ.fastq.gz	TF_knockdown/ERF_K562	ERF_K562_control1_1.fastq.gz
positive	TF	ERF	ERF	CRISPRi RNA-seq	K562	ERF_K562	control	1	1	2	ENCSR095PIC	ENCFF436EDN	https://www.encodeproject.org/files/ENCFF436EDN/@@download/ENCFF436EDN.fastq.gz	TF_knockdown/ERF_K562	ERF_K562_control1_2.fastq.gz
positive	TF	ERF	ERF	CRISPRi RNA-seq	K562	ERF_K562	control	2	2	1	ENCSR095PIC	ENCFF615EBT	https://www.encodeproject.org/files/ENCFF615EBT/@@download/ENCFF615EBT.fastq.gz	TF_knockdown/ERF_K562	ERF_K562_control2_1.fastq.gz
positive	TF	ERF	ERF	CRISPRi RNA-seq	K562	ERF_K562	control	2	2	2	ENCSR095PIC	ENCFF692YJK	https://www.encodeproject.org/files/ENCFF692YJK/@@download/ENCFF692YJK.fastq.gz	TF_knockdown/ERF_K562	ERF_K562_control2_2.fastq.gz
positive	TF	KLF2	KLF2	CRISPRi RNA-seq	K562	KLF2_K562	KO	1	1	1	ENCSR620DOP	ENCFF343HHD	https://www.encodeproject.org/files/ENCFF343HHD/@@download/ENCFF343HHD.fastq.gz	TF_knockdown/KLF2_K562	KLF2_K562_1_1.fastq.gz
positive	TF	KLF2	KLF2	CRISPRi RNA-seq	K562	KLF2_K562	KO	1	1	2	ENCSR620DOP	ENCFF542NYJ	https://www.encodeproject.org/files/ENCFF542NYJ/@@download/ENCFF542NYJ.fastq.gz	TF_knockdown/KLF2_K562	KLF2_K562_1_2.fastq.gz
positive	TF	KLF2	KLF2	CRISPRi RNA-seq	K562	KLF2_K562	KO	2	2	1	ENCSR620DOP	ENCFF605PSQ	https://www.encodeproject.org/files/ENCFF605PSQ/@@download/ENCFF605PSQ.fastq.gz	TF_knockdown/KLF2_K562	KLF2_K562_2_1.fastq.gz
positive	TF	KLF2	KLF2	CRISPRi RNA-seq	K562	KLF2_K562	KO	2	2	2	ENCSR620DOP	ENCFF125MSP	https://www.encodeproject.org/files/ENCFF125MSP/@@download/ENCFF125MSP.fastq.gz	TF_knockdown/KLF2_K562	KLF2_K562_2_2.fastq.gz
positive	TF	KLF2	KLF2	CRISPRi RNA-seq	K562	KLF2_K562	control	1	1	1	ENCSR095PIC	ENCFF112FMQ	https://www.encodeproject.org/files/ENCFF112FMQ/@@download/ENCFF112FMQ.fastq.gz	TF_knockdown/KLF2_K562	KLF2_K562_control1_1.fastq.gz
positive	TF	KLF2	KLF2	CRISPRi RNA-seq	K562	KLF2_K562	control	1	1	2	ENCSR095PIC	ENCFF436EDN	https://www.encodeproject.org/files/ENCFF436EDN/@@download/ENCFF436EDN.fastq.gz	TF_knockdown/KLF2_K562	KLF2_K562_control1_2.fastq.gz
positive	TF	KLF2	KLF2	CRISPRi RNA-seq	K562	KLF2_K562	control	2	2	1	ENCSR095PIC	ENCFF615EBT	https://www.encodeproject.org/files/ENCFF615EBT/@@download/ENCFF615EBT.fastq.gz	TF_knockdown/KLF2_K562	KLF2_K562_control2_1.fastq.gz
positive	TF	KLF2	KLF2	CRISPRi RNA-seq	K562	KLF2_K562	control	2	2	2	ENCSR095PIC	ENCFF692YJK	https://www.encodeproject.org/files/ENCFF692YJK/@@download/ENCFF692YJK.fastq.gz	TF_knockdown/KLF2_K562	KLF2_K562_control2_2.fastq.gz
positive	TF	NRF1	NRF1	CRISPRi RNA-seq	K562	NRF1_K562	KO	1	1	1	ENCSR299HUJ	ENCFF662JSD	https://www.encodeproject.org/files/ENCFF662JSD/@@download/ENCFF662JSD.fastq.gz	TF_knockdown/NRF1_K562	NRF1_K562_1_1.fastq.gz
positive	TF	NRF1	NRF1	CRISPRi RNA-seq	K562	NRF1_K562	KO	1	1	2	ENCSR299HUJ	ENCFF310ZWY	https://www.encodeproject.org/files/ENCFF310ZWY/@@download/ENCFF310ZWY.fastq.gz	TF_knockdown/NRF1_K562	NRF1_K562_1_2.fastq.gz
positive	TF	NRF1	NRF1	CRISPRi RNA-seq	K562	NRF1_K562	KO	2	3	1	ENCSR299HUJ	ENCFF337RYW	https://www.encodeproject.org/files/ENCFF337RYW/@@download/ENCFF337RYW.fastq.gz	TF_knockdown/NRF1_K562	NRF1_K562_2_1.fastq.gz
positive	TF	NRF1	NRF1	CRISPRi RNA-seq	K562	NRF1_K562	KO	2	3	2	ENCSR299HUJ	ENCFF210GYE	https://www.encodeproject.org/files/ENCFF210GYE/@@download/ENCFF210GYE.fastq.gz	TF_knockdown/NRF1_K562	NRF1_K562_2_2.fastq.gz
positive	TF	NRF1	NRF1	CRISPRi RNA-seq	K562	NRF1_K562	control	1	1	1	ENCSR095PIC	ENCFF112FMQ	https://www.encodeproject.org/files/ENCFF112FMQ/@@download/ENCFF112FMQ.fastq.gz	TF_knockdown/NRF1_K562	NRF1_K562_control1_1.fastq.gz
positive	TF	NRF1	NRF1	CRISPRi RNA-seq	K562	NRF1_K562	control	1	1	2	ENCSR095PIC	ENCFF436EDN	https://www.encodeproject.org/files/ENCFF436EDN/@@download/ENCFF436EDN.fastq.gz	TF_knockdown/NRF1_K562	NRF1_K562_control1_2.fastq.gz
positive	TF	NRF1	NRF1	CRISPRi RNA-seq	K562	NRF1_K562	control	2	2	1	ENCSR095PIC	ENCFF615EBT	https://www.encodeproject.org/files/ENCFF615EBT/@@download/ENCFF615EBT.fastq.gz	TF_knockdown/NRF1_K562	NRF1_K562_control2_1.fastq.gz
positive	TF	NRF1	NRF1	CRISPRi RNA-seq	K562	NRF1_K562	control	2	2	2	ENCSR095PIC	ENCFF692YJK	https://www.encodeproject.org/files/ENCFF692YJK/@@download/ENCFF692YJK.fastq.gz	TF_knockdown/NRF1_K562	NRF1_K562_control2_2.fastq.gz
positive	TF	SMAD5	SMAD5	CRISPRi RNA-seq	K562	SMAD5_K562	KO	1	3	1	ENCSR731FEO	ENCFF088VQG	https://www.encodeproject.org/files/ENCFF088VQG/@@download/ENCFF088VQG.fastq.gz	TF_knockdown/SMAD5_K562	SMAD5_K562_1_1.fastq.gz
positive	TF	SMAD5	SMAD5	CRISPRi RNA-seq	K562	SMAD5_K562	KO	1	3	2	ENCSR731FEO	ENCFF494YMY	https://www.encodeproject.org/files/ENCFF494YMY/@@download/ENCFF494YMY.fastq.gz	TF_knockdown/SMAD5_K562	SMAD5_K562_1_2.fastq.gz
positive	TF	SMAD5	SMAD5	CRISPRi RNA-seq	K562	SMAD5_K562	KO	2	4	1	ENCSR731FEO	ENCFF122YKX	https://www.encodeproject.org/files/ENCFF122YKX/@@download/ENCFF122YKX.fastq.gz	TF_knockdown/SMAD5_K562	SMAD5_K562_2_1.fastq.gz
positive	TF	SMAD5	SMAD5	CRISPRi RNA-seq	K562	SMAD5_K562	KO	2	4	2	ENCSR731FEO	ENCFF029ACW	https://www.encodeproject.org/files/ENCFF029ACW/@@download/ENCFF029ACW.fastq.gz	TF_knockdown/SMAD5_K562	SMAD5_K562_2_2.fastq.gz
positive	TF	SMAD5	SMAD5	CRISPRi RNA-seq	K562	SMAD5_K562	control	1	1	1	ENCSR095PIC	ENCFF112FMQ	https://www.encodeproject.org/files/ENCFF112FMQ/@@download/ENCFF112FMQ.fastq.gz	TF_knockdown/SMAD5_K562	SMAD5_K562_control1_1.fastq.gz
positive	TF	SMAD5	SMAD5	CRISPRi RNA-seq	K562	SMAD5_K562	control	1	1	2	ENCSR095PIC	ENCFF436EDN	https://www.encodeproject.org/files/ENCFF436EDN/@@download/ENCFF436EDN.fastq.gz	TF_knockdown/SMAD5_K562	SMAD5_K562_control1_2.fastq.gz
positive	TF	SMAD5	SMAD5	CRISPRi RNA-seq	K562	SMAD5_K562	control	2	2	1	ENCSR095PIC	ENCFF615EBT	https://www.encodeproject.org/files/ENCFF615EBT/@@download/ENCFF615EBT.fastq.gz	TF_knockdown/SMAD5_K562	SMAD5_K562_control2_1.fastq.gz
positive	TF	SMAD5	SMAD5	CRISPRi RNA-seq	K562	SMAD5_K562	control	2	2	2	ENCSR095PIC	ENCFF692YJK	https://www.encodeproject.org/files/ENCFF692YJK/@@download/ENCFF692YJK.fastq.gz	TF_knockdown/SMAD5_K562	SMAD5_K562_control2_2.fastq.gz
positive	TF	SP1	SP1	CRISPRi RNA-seq	K562	SP1_K562	KO	1	1	1	ENCSR650QAK	ENCFF185DZU	https://www.encodeproject.org/files/ENCFF185DZU/@@download/ENCFF185DZU.fastq.gz	TF_knockdown/SP1_K562	SP1_K562_1_1.fastq.gz
positive	TF	SP1	SP1	CRISPRi RNA-seq	K562	SP1_K562	KO	1	1	2	ENCSR650QAK	ENCFF887URQ	https://www.encodeproject.org/files/ENCFF887URQ/@@download/ENCFF887URQ.fastq.gz	TF_knockdown/SP1_K562	SP1_K562_1_2.fastq.gz
positive	TF	SP1	SP1	CRISPRi RNA-seq	K562	SP1_K562	KO	2	3	1	ENCSR650QAK	ENCFF433SSS	https://www.encodeproject.org/files/ENCFF433SSS/@@download/ENCFF433SSS.fastq.gz	TF_knockdown/SP1_K562	SP1_K562_2_1.fastq.gz
positive	TF	SP1	SP1	CRISPRi RNA-seq	K562	SP1_K562	KO	2	3	2	ENCSR650QAK	ENCFF117LIM	https://www.encodeproject.org/files/ENCFF117LIM/@@download/ENCFF117LIM.fastq.gz	TF_knockdown/SP1_K562	SP1_K562_2_2.fastq.gz
positive	TF	SP1	SP1	CRISPRi RNA-seq	K562	SP1_K562	control	1	1	1	ENCSR095PIC	ENCFF112FMQ	https://www.encodeproject.org/files/ENCFF112FMQ/@@download/ENCFF112FMQ.fastq.gz	TF_knockdown/SP1_K562	SP1_K562_control1_1.fastq.gz
positive	TF	SP1	SP1	CRISPRi RNA-seq	K562	SP1_K562	control	1	1	2	ENCSR095PIC	ENCFF436EDN	https://www.encodeproject.org/files/ENCFF436EDN/@@download/ENCFF436EDN.fastq.gz	TF_knockdown/SP1_K562	SP1_K562_control1_2.fastq.gz
positive	TF	SP1	SP1	CRISPRi RNA-seq	K562	SP1_K562	control	2	2	1	ENCSR095PIC	ENCFF615EBT	https://www.encodeproject.org/files/ENCFF615EBT/@@download/ENCFF615EBT.fastq.gz	TF_knockdown/SP1_K562	SP1_K562_control2_1.fastq.gz
positive	TF	SP1	SP1	CRISPRi RNA-seq	K562	SP1_K562	control	2	2	2	ENCSR095PIC	ENCFF692YJK	https://www.encodeproject.org/files/ENCFF692YJK/@@download/ENCFF692YJK.fastq.gz	TF_knockdown/SP1_K562	SP1_K562_control2_2.fastq.gz
positive	TF	TFDP1	TFDP1	CRISPRi RNA-seq	K562	TFDP1_K562	KO	1	1	1	ENCSR552HTC	ENCFF950DEP	https://www.encodeproject.org/files/ENCFF950DEP/@@download/ENCFF950DEP.fastq.gz	TF_knockdown/TFDP1_K562	TFDP1_K562_1_1.fastq.gz
positive	TF	TFDP1	TFDP1	CRISPRi RNA-seq	K562	TFDP1_K562	KO	1	1	2	ENCSR552HTC	ENCFF135TCS	https://www.encodeproject.org/files/ENCFF135TCS/@@download/ENCFF135TCS.fastq.gz	TF_knockdown/TFDP1_K562	TFDP1_K562_1_2.fastq.gz
positive	TF	TFDP1	TFDP1	CRISPRi RNA-seq	K562	TFDP1_K562	KO	2	2	1	ENCSR552HTC	ENCFF319JXL	https://www.encodeproject.org/files/ENCFF319JXL/@@download/ENCFF319JXL.fastq.gz	TF_knockdown/TFDP1_K562	TFDP1_K562_2_1.fastq.gz
positive	TF	TFDP1	TFDP1	CRISPRi RNA-seq	K562	TFDP1_K562	KO	2	2	2	ENCSR552HTC	ENCFF877IJV	https://www.encodeproject.org/files/ENCFF877IJV/@@download/ENCFF877IJV.fastq.gz	TF_knockdown/TFDP1_K562	TFDP1_K562_2_2.fastq.gz
positive	TF	TFDP1	TFDP1	CRISPRi RNA-seq	K562	TFDP1_K562	control	1	1	1	ENCSR095PIC	ENCFF112FMQ	https://www.encodeproject.org/files/ENCFF112FMQ/@@download/ENCFF112FMQ.fastq.gz	TF_knockdown/TFDP1_K562	TFDP1_K562_control1_1.fastq.gz
positive	TF	TFDP1	TFDP1	CRISPRi RNA-seq	K562	TFDP1_K562	control	1	1	2	ENCSR095PIC	ENCFF436EDN	https://www.encodeproject.org/files/ENCFF436EDN/@@download/ENCFF436EDN.fastq.gz	TF_knockdown/TFDP1_K562	TFDP1_K562_control1_2.fastq.gz
positive	TF	TFDP1	TFDP1	CRISPRi RNA-seq	K562	TFDP1_K562	control	2	2	1	ENCSR095PIC	ENCFF615EBT	https://www.encodeproject.org/files/ENCFF615EBT/@@download/ENCFF615EBT.fastq.gz	TF_knockdown/TFDP1_K562	TFDP1_K562_control2_1.fastq.gz
positive	TF	TFDP1	TFDP1	CRISPRi RNA-seq	K562	TFDP1_K562	control	2	2	2	ENCSR095PIC	ENCFF692YJK	https://www.encodeproject.org/files/ENCFF692YJK/@@download/ENCFF692YJK.fastq.gz	TF_knockdown/TFDP1_K562	TFDP1_K562_control2_2.fastq.gz
negative	TF	ARID3A	ARID3A	CRISPRi RNA-seq	K562	ARID3A_K562	KO	1	1	1	ENCSR898UNK	ENCFF815JOK	https://www.encodeproject.org/files/ENCFF815JOK/@@download/ENCFF815JOK.fastq.gz	TF_knockdown/ARID3A_K562	ARID3A_K562_1_1.fastq.gz
negative	TF	ARID3A	ARID3A	CRISPRi RNA-seq	K562	ARID3A_K562	KO	1	1	2	ENCSR898UNK	ENCFF724FVA	https://www.encodeproject.org/files/ENCFF724FVA/@@download/ENCFF724FVA.fastq.gz	TF_knockdown/ARID3A_K562	ARID3A_K562_1_2.fastq.gz
negative	TF	ARID3A	ARID3A	CRISPRi RNA-seq	K562	ARID3A_K562	KO	2	2	1	ENCSR898UNK	ENCFF911DGQ	https://www.encodeproject.org/files/ENCFF911DGQ/@@download/ENCFF911DGQ.fastq.gz	TF_knockdown/ARID3A_K562	ARID3A_K562_2_1.fastq.gz
negative	TF	ARID3A	ARID3A	CRISPRi RNA-seq	K562	ARID3A_K562	KO	2	2	2	ENCSR898UNK	ENCFF747YIC	https://www.encodeproject.org/files/ENCFF747YIC/@@download/ENCFF747YIC.fastq.gz	TF_knockdown/ARID3A_K562	ARID3A_K562_2_2.fastq.gz
negative	TF	ARID3A	ARID3A	CRISPRi RNA-seq	K562	ARID3A_K562	control	1	1	1	ENCSR095PIC	ENCFF112FMQ	https://www.encodeproject.org/files/ENCFF112FMQ/@@download/ENCFF112FMQ.fastq.gz	TF_knockdown/ARID3A_K562	ARID3A_K562_control1_1.fastq.gz
negative	TF	ARID3A	ARID3A	CRISPRi RNA-seq	K562	ARID3A_K562	control	1	1	2	ENCSR095PIC	ENCFF436EDN	https://www.encodeproject.org/files/ENCFF436EDN/@@download/ENCFF436EDN.fastq.gz	TF_knockdown/ARID3A_K562	ARID3A_K562_control1_2.fastq.gz
negative	TF	ARID3A	ARID3A	CRISPRi RNA-seq	K562	ARID3A_K562	control	2	2	1	ENCSR095PIC	ENCFF615EBT	https://www.encodeproject.org/files/ENCFF615EBT/@@download/ENCFF615EBT.fastq.gz	TF_knockdown/ARID3A_K562	ARID3A_K562_control2_1.fastq.gz
negative	TF	ARID3A	ARID3A	CRISPRi RNA-seq	K562	ARID3A_K562	control	2	2	2	ENCSR095PIC	ENCFF692YJK	https://www.encodeproject.org/files/ENCFF692YJK/@@download/ENCFF692YJK.fastq.gz	TF_knockdown/ARID3A_K562	ARID3A_K562_control2_2.fastq.gz
negative	TF	DLX1	DLX1	CRISPRi RNA-seq	K562	DLX1_K562	KO	1	1	1	ENCSR862UHT	ENCFF900SXQ	https://www.encodeproject.org/files/ENCFF900SXQ/@@download/ENCFF900SXQ.fastq.gz	TF_knockdown/DLX1_K562	DLX1_K562_1_1.fastq.gz
negative	TF	DLX1	DLX1	CRISPRi RNA-seq	K562	DLX1_K562	KO	1	1	2	ENCSR862UHT	ENCFF359NHT	https://www.encodeproject.org/files/ENCFF359NHT/@@download/ENCFF359NHT.fastq.gz	TF_knockdown/DLX1_K562	DLX1_K562_1_2.fastq.gz
negative	TF	DLX1	DLX1	CRISPRi RNA-seq	K562	DLX1_K562	KO	2	2	1	ENCSR862UHT	ENCFF706BMS	https://www.encodeproject.org/files/ENCFF706BMS/@@download/ENCFF706BMS.fastq.gz	TF_knockdown/DLX1_K562	DLX1_K562_2_1.fastq.gz
negative	TF	DLX1	DLX1	CRISPRi RNA-seq	K562	DLX1_K562	KO	2	2	2	ENCSR862UHT	ENCFF217WNS	https://www.encodeproject.org/files/ENCFF217WNS/@@download/ENCFF217WNS.fastq.gz	TF_knockdown/DLX1_K562	DLX1_K562_2_2.fastq.gz
negative	TF	DLX1	DLX1	CRISPRi RNA-seq	K562	DLX1_K562	control	1	1	1	ENCSR095PIC	ENCFF112FMQ	https://www.encodeproject.org/files/ENCFF112FMQ/@@download/ENCFF112FMQ.fastq.gz	TF_knockdown/DLX1_K562	DLX1_K562_control1_1.fastq.gz
negative	TF	DLX1	DLX1	CRISPRi RNA-seq	K562	DLX1_K562	control	1	1	2	ENCSR095PIC	ENCFF436EDN	https://www.encodeproject.org/files/ENCFF436EDN/@@download/ENCFF436EDN.fastq.gz	TF_knockdown/DLX1_K562	DLX1_K562_control1_2.fastq.gz
negative	TF	DLX1	DLX1	CRISPRi RNA-seq	K562	DLX1_K562	control	2	2	1	ENCSR095PIC	ENCFF615EBT	https://www.encodeproject.org/files/ENCFF615EBT/@@download/ENCFF615EBT.fastq.gz	TF_knockdown/DLX1_K562	DLX1_K562_control2_1.fastq.gz
negative	TF	DLX1	DLX1	CRISPRi RNA-seq	K562	DLX1_K562	control	2	2	2	ENCSR095PIC	ENCFF692YJK	https://www.encodeproject.org/files/ENCFF692YJK/@@download/ENCFF692YJK.fastq.gz	TF_knockdown/DLX1_K562	DLX1_K562_control2_2.fastq.gz
negative	TF	HOXB4	HOXB4	CRISPRi RNA-seq	K562	HOXB4_K562	KO	1	1	1	ENCSR359VJC	ENCFF779EXF	https://www.encodeproject.org/files/ENCFF779EXF/@@download/ENCFF779EXF.fastq.gz	TF_knockdown/HOXB4_K562	HOXB4_K562_1_1.fastq.gz
negative	TF	HOXB4	HOXB4	CRISPRi RNA-seq	K562	HOXB4_K562	KO	1	1	2	ENCSR359VJC	ENCFF320RNF	https://www.encodeproject.org/files/ENCFF320RNF/@@download/ENCFF320RNF.fastq.gz	TF_knockdown/HOXB4_K562	HOXB4_K562_1_2.fastq.gz
negative	TF	HOXB4	HOXB4	CRISPRi RNA-seq	K562	HOXB4_K562	KO	2	2	1	ENCSR359VJC	ENCFF883BWZ	https://www.encodeproject.org/files/ENCFF883BWZ/@@download/ENCFF883BWZ.fastq.gz	TF_knockdown/HOXB4_K562	HOXB4_K562_2_1.fastq.gz
negative	TF	HOXB4	HOXB4	CRISPRi RNA-seq	K562	HOXB4_K562	KO	2	2	2	ENCSR359VJC	ENCFF446JGK	https://www.encodeproject.org/files/ENCFF446JGK/@@download/ENCFF446JGK.fastq.gz	TF_knockdown/HOXB4_K562	HOXB4_K562_2_2.fastq.gz
negative	TF	HOXB4	HOXB4	CRISPRi RNA-seq	K562	HOXB4_K562	control	1	1	1	ENCSR095PIC	ENCFF112FMQ	https://www.encodeproject.org/files/ENCFF112FMQ/@@download/ENCFF112FMQ.fastq.gz	TF_knockdown/HOXB4_K562	HOXB4_K562_control1_1.fastq.gz
negative	TF	HOXB4	HOXB4	CRISPRi RNA-seq	K562	HOXB4_K562	control	1	1	2	ENCSR095PIC	ENCFF436EDN	https://www.encodeproject.org/files/ENCFF436EDN/@@download/ENCFF436EDN.fastq.gz	TF_knockdown/HOXB4_K562	HOXB4_K562_control1_2.fastq.gz
negative	TF	HOXB4	HOXB4	CRISPRi RNA-seq	K562	HOXB4_K562	control	2	2	1	ENCSR095PIC	ENCFF615EBT	https://www.encodeproject.org/files/ENCFF615EBT/@@download/ENCFF615EBT.fastq.gz	TF_knockdown/HOXB4_K562	HOXB4_K562_control2_1.fastq.gz
negative	TF	HOXB4	HOXB4	CRISPRi RNA-seq	K562	HOXB4_K562	control	2	2	2	ENCSR095PIC	ENCFF692YJK	https://www.encodeproject.org/files/ENCFF692YJK/@@download/ENCFF692YJK.fastq.gz	TF_knockdown/HOXB4_K562	HOXB4_K562_control2_2.fastq.gz
negative	TF	HOXB9	HOXB9	CRISPRi RNA-seq	K562	HOXB9_K562	KO	1	1	1	ENCSR810RIC	ENCFF659HXE	https://www.encodeproject.org/files/ENCFF659HXE/@@download/ENCFF659HXE.fastq.gz	TF_knockdown/HOXB9_K562	HOXB9_K562_1_1.fastq.gz
negative	TF	HOXB9	HOXB9	CRISPRi RNA-seq	K562	HOXB9_K562	KO	1	1	2	ENCSR810RIC	ENCFF421NAC	https://www.encodeproject.org/files/ENCFF421NAC/@@download/ENCFF421NAC.fastq.gz	TF_knockdown/HOXB9_K562	HOXB9_K562_1_2.fastq.gz
negative	TF	HOXB9	HOXB9	CRISPRi RNA-seq	K562	HOXB9_K562	KO	2	2	1	ENCSR810RIC	ENCFF568YGM	https://www.encodeproject.org/files/ENCFF568YGM/@@download/ENCFF568YGM.fastq.gz	TF_knockdown/HOXB9_K562	HOXB9_K562_2_1.fastq.gz
negative	TF	HOXB9	HOXB9	CRISPRi RNA-seq	K562	HOXB9_K562	KO	2	2	2	ENCSR810RIC	ENCFF535AXO	https://www.encodeproject.org/files/ENCFF535AXO/@@download/ENCFF535AXO.fastq.gz	TF_knockdown/HOXB9_K562	HOXB9_K562_2_2.fastq.gz
negative	TF	HOXB9	HOXB9	CRISPRi RNA-seq	K562	HOXB9_K562	control	1	1	1	ENCSR016WFQ	ENCFF297OZN	https://www.encodeproject.org/files/ENCFF297OZN/@@download/ENCFF297OZN.fastq.gz	TF_knockdown/HOXB9_K562	HOXB9_K562_control1_1.fastq.gz
negative	TF	HOXB9	HOXB9	CRISPRi RNA-seq	K562	HOXB9_K562	control	1	1	2	ENCSR016WFQ	ENCFF568AEP	https://www.encodeproject.org/files/ENCFF568AEP/@@download/ENCFF568AEP.fastq.gz	TF_knockdown/HOXB9_K562	HOXB9_K562_control1_2.fastq.gz
negative	TF	HOXB9	HOXB9	CRISPRi RNA-seq	K562	HOXB9_K562	control	2	2	1	ENCSR016WFQ	ENCFF883YZS	https://www.encodeproject.org/files/ENCFF883YZS/@@download/ENCFF883YZS.fastq.gz	TF_knockdown/HOXB9_K562	HOXB9_K562_control2_1.fastq.gz
negative	TF	HOXB9	HOXB9	CRISPRi RNA-seq	K562	HOXB9_K562	control	2	2	2	ENCSR016WFQ	ENCFF586CLX	https://www.encodeproject.org/files/ENCFF586CLX/@@download/ENCFF586CLX.fastq.gz	TF_knockdown/HOXB9_K562	HOXB9_K562_control2_2.fastq.gz
negative	TF	ZNF384	ZNF384	CRISPRi RNA-seq	K562	ZNF384_K562	KO	1	1	1	ENCSR103URL	ENCFF782ARK	https://www.encodeproject.org/files/ENCFF782ARK/@@download/ENCFF782ARK.fastq.gz	TF_knockdown/ZNF384_K562	ZNF384_K562_1_1.fastq.gz
negative	TF	ZNF384	ZNF384	CRISPRi RNA-seq	K562	ZNF384_K562	KO	1	1	2	ENCSR103URL	ENCFF998LRA	https://www.encodeproject.org/files/ENCFF998LRA/@@download/ENCFF998LRA.fastq.gz	TF_knockdown/ZNF384_K562	ZNF384_K562_1_2.fastq.gz
negative	TF	ZNF384	ZNF384	CRISPRi RNA-seq	K562	ZNF384_K562	KO	2	2	1	ENCSR103URL	ENCFF249IVS	https://www.encodeproject.org/files/ENCFF249IVS/@@download/ENCFF249IVS.fastq.gz	TF_knockdown/ZNF384_K562	ZNF384_K562_2_1.fastq.gz
negative	TF	ZNF384	ZNF384	CRISPRi RNA-seq	K562	ZNF384_K562	KO	2	2	2	ENCSR103URL	ENCFF694RBP	https://www.encodeproject.org/files/ENCFF694RBP/@@download/ENCFF694RBP.fastq.gz	TF_knockdown/ZNF384_K562	ZNF384_K562_2_2.fastq.gz
negative	TF	ZNF384	ZNF384	CRISPRi RNA-seq	K562	ZNF384_K562	control	1	1	1	ENCSR016WFQ	ENCFF297OZN	https://www.encodeproject.org/files/ENCFF297OZN/@@download/ENCFF297OZN.fastq.gz	TF_knockdown/ZNF384_K562	ZNF384_K562_control1_1.fastq.gz
negative	TF	ZNF384	ZNF384	CRISPRi RNA-seq	K562	ZNF384_K562	control	1	1	2	ENCSR016WFQ	ENCFF568AEP	https://www.encodeproject.org/files/ENCFF568AEP/@@download/ENCFF568AEP.fastq.gz	TF_knockdown/ZNF384_K562	ZNF384_K562_control1_2.fastq.gz
negative	TF	ZNF384	ZNF384	CRISPRi RNA-seq	K562	ZNF384_K562	control	2	2	1	ENCSR016WFQ	ENCFF883YZS	https://www.encodeproject.org/files/ENCFF883YZS/@@download/ENCFF883YZS.fastq.gz	TF_knockdown/ZNF384_K562	ZNF384_K562_control2_1.fastq.gz
negative	TF	ZNF384	ZNF384	CRISPRi RNA-seq	K562	ZNF384_K562	control	2	2	2	ENCSR016WFQ	ENCFF586CLX	https://www.encodeproject.org/files/ENCFF586CLX/@@download/ENCFF586CLX.fastq.gz	TF_knockdown/ZNF384_K562	ZNF384_K562_control2_2.fastq.gz
positive	RBP	DAZAP1	DAZAP1	shRNA RNA-seq	HepG2	DAZAP1_HepG2	KO	1	1	1	ENCSR220TBR	ENCFF071FYQ	https://www.encodeproject.org/files/ENCFF071FYQ/@@download/ENCFF071FYQ.fastq.gz	RBP_knockdown/DAZAP1_HepG2	DAZAP1_HepG2_1_1.fastq.gz
positive	RBP	DAZAP1	DAZAP1	shRNA RNA-seq	HepG2	DAZAP1_HepG2	KO	1	1	2	ENCSR220TBR	ENCFF313BXR	https://www.encodeproject.org/files/ENCFF313BXR/@@download/ENCFF313BXR.fastq.gz	RBP_knockdown/DAZAP1_HepG2	DAZAP1_HepG2_1_2.fastq.gz
positive	RBP	DAZAP1	DAZAP1	shRNA RNA-seq	HepG2	DAZAP1_HepG2	KO	2	2	1	ENCSR220TBR	ENCFF709OSO	https://www.encodeproject.org/files/ENCFF709OSO/@@download/ENCFF709OSO.fastq.gz	RBP_knockdown/DAZAP1_HepG2	DAZAP1_HepG2_2_1.fastq.gz
positive	RBP	DAZAP1	DAZAP1	shRNA RNA-seq	HepG2	DAZAP1_HepG2	KO	2	2	2	ENCSR220TBR	ENCFF984IGG	https://www.encodeproject.org/files/ENCFF984IGG/@@download/ENCFF984IGG.fastq.gz	RBP_knockdown/DAZAP1_HepG2	DAZAP1_HepG2_2_2.fastq.gz
positive	RBP	DAZAP1	DAZAP1	shRNA RNA-seq	HepG2	DAZAP1_HepG2	control	1	1	1	ENCSR042QTH	ENCFF399RNY	https://www.encodeproject.org/files/ENCFF399RNY/@@download/ENCFF399RNY.fastq.gz	RBP_knockdown/DAZAP1_HepG2	DAZAP1_HepG2_control1_1.fastq.gz
positive	RBP	DAZAP1	DAZAP1	shRNA RNA-seq	HepG2	DAZAP1_HepG2	control	1	1	2	ENCSR042QTH	ENCFF964LLJ	https://www.encodeproject.org/files/ENCFF964LLJ/@@download/ENCFF964LLJ.fastq.gz	RBP_knockdown/DAZAP1_HepG2	DAZAP1_HepG2_control1_2.fastq.gz
positive	RBP	DAZAP1	DAZAP1	shRNA RNA-seq	HepG2	DAZAP1_HepG2	control	2	2	1	ENCSR042QTH	ENCFF546VNH	https://www.encodeproject.org/files/ENCFF546VNH/@@download/ENCFF546VNH.fastq.gz	RBP_knockdown/DAZAP1_HepG2	DAZAP1_HepG2_control2_1.fastq.gz
positive	RBP	DAZAP1	DAZAP1	shRNA RNA-seq	HepG2	DAZAP1_HepG2	control	2	2	2	ENCSR042QTH	ENCFF420URE	https://www.encodeproject.org/files/ENCFF420URE/@@download/ENCFF420URE.fastq.gz	RBP_knockdown/DAZAP1_HepG2	DAZAP1_HepG2_control2_2.fastq.gz
positive	RBP	FMR1	FMR1	shRNA RNA-seq	K562	FMR1_K562	KO	1	1	1	ENCSR555LCE	ENCFF591AGR	https://www.encodeproject.org/files/ENCFF591AGR/@@download/ENCFF591AGR.fastq.gz	RBP_knockdown/FMR1_K562	FMR1_K562_1_1.fastq.gz
positive	RBP	FMR1	FMR1	shRNA RNA-seq	K562	FMR1_K562	KO	1	1	2	ENCSR555LCE	ENCFF854WET	https://www.encodeproject.org/files/ENCFF854WET/@@download/ENCFF854WET.fastq.gz	RBP_knockdown/FMR1_K562	FMR1_K562_1_2.fastq.gz
positive	RBP	FMR1	FMR1	shRNA RNA-seq	K562	FMR1_K562	KO	2	2	1	ENCSR555LCE	ENCFF199PVY	https://www.encodeproject.org/files/ENCFF199PVY/@@download/ENCFF199PVY.fastq.gz	RBP_knockdown/FMR1_K562	FMR1_K562_2_1.fastq.gz
positive	RBP	FMR1	FMR1	shRNA RNA-seq	K562	FMR1_K562	KO	2	2	2	ENCSR555LCE	ENCFF878CVQ	https://www.encodeproject.org/files/ENCFF878CVQ/@@download/ENCFF878CVQ.fastq.gz	RBP_knockdown/FMR1_K562	FMR1_K562_2_2.fastq.gz
positive	RBP	FMR1	FMR1	shRNA RNA-seq	K562	FMR1_K562	control	1	1	1	ENCSR424QCW	ENCFF791HTS	https://www.encodeproject.org/files/ENCFF791HTS/@@download/ENCFF791HTS.fastq.gz	RBP_knockdown/FMR1_K562	FMR1_K562_control1_1.fastq.gz
positive	RBP	FMR1	FMR1	shRNA RNA-seq	K562	FMR1_K562	control	1	1	2	ENCSR424QCW	ENCFF691MJX	https://www.encodeproject.org/files/ENCFF691MJX/@@download/ENCFF691MJX.fastq.gz	RBP_knockdown/FMR1_K562	FMR1_K562_control1_2.fastq.gz
positive	RBP	FMR1	FMR1	shRNA RNA-seq	K562	FMR1_K562	control	2	2	1	ENCSR424QCW	ENCFF078MXU	https://www.encodeproject.org/files/ENCFF078MXU/@@download/ENCFF078MXU.fastq.gz	RBP_knockdown/FMR1_K562	FMR1_K562_control2_1.fastq.gz
positive	RBP	FMR1	FMR1	shRNA RNA-seq	K562	FMR1_K562	control	2	2	2	ENCSR424QCW	ENCFF656RXL	https://www.encodeproject.org/files/ENCFF656RXL/@@download/ENCFF656RXL.fastq.gz	RBP_knockdown/FMR1_K562	FMR1_K562_control2_2.fastq.gz
positive	RBP	FXR2	FXR2	shRNA RNA-seq	K562	FXR2_K562	KO	1	1	1	ENCSR139BIJ	ENCFF002CAT	https://www.encodeproject.org/files/ENCFF002CAT/@@download/ENCFF002CAT.fastq.gz	RBP_knockdown/FXR2_K562	FXR2_K562_1_1.fastq.gz
positive	RBP	FXR2	FXR2	shRNA RNA-seq	K562	FXR2_K562	KO	1	1	2	ENCSR139BIJ	ENCFF002CAU	https://www.encodeproject.org/files/ENCFF002CAU/@@download/ENCFF002CAU.fastq.gz	RBP_knockdown/FXR2_K562	FXR2_K562_1_2.fastq.gz
positive	RBP	FXR2	FXR2	shRNA RNA-seq	K562	FXR2_K562	KO	2	2	1	ENCSR139BIJ	ENCFF002CAV	https://www.encodeproject.org/files/ENCFF002CAV/@@download/ENCFF002CAV.fastq.gz	RBP_knockdown/FXR2_K562	FXR2_K562_2_1.fastq.gz
positive	RBP	FXR2	FXR2	shRNA RNA-seq	K562	FXR2_K562	KO	2	2	2	ENCSR139BIJ	ENCFF002CAW	https://www.encodeproject.org/files/ENCFF002CAW/@@download/ENCFF002CAW.fastq.gz	RBP_knockdown/FXR2_K562	FXR2_K562_2_2.fastq.gz
positive	RBP	FXR2	FXR2	shRNA RNA-seq	K562	FXR2_K562	control	1	1	1	ENCSR081EST	ENCFF002CAL	https://www.encodeproject.org/files/ENCFF002CAL/@@download/ENCFF002CAL.fastq.gz	RBP_knockdown/FXR2_K562	FXR2_K562_control1_1.fastq.gz
positive	RBP	FXR2	FXR2	shRNA RNA-seq	K562	FXR2_K562	control	1	1	2	ENCSR081EST	ENCFF002CAM	https://www.encodeproject.org/files/ENCFF002CAM/@@download/ENCFF002CAM.fastq.gz	RBP_knockdown/FXR2_K562	FXR2_K562_control1_2.fastq.gz
positive	RBP	FXR2	FXR2	shRNA RNA-seq	K562	FXR2_K562	control	2	2	1	ENCSR081EST	ENCFF002CAN	https://www.encodeproject.org/files/ENCFF002CAN/@@download/ENCFF002CAN.fastq.gz	RBP_knockdown/FXR2_K562	FXR2_K562_control2_1.fastq.gz
positive	RBP	FXR2	FXR2	shRNA RNA-seq	K562	FXR2_K562	control	2	2	2	ENCSR081EST	ENCFF002CAO	https://www.encodeproject.org/files/ENCFF002CAO/@@download/ENCFF002CAO.fastq.gz	RBP_knockdown/FXR2_K562	FXR2_K562_control2_2.fastq.gz
positive	RBP	hnRNPK	HNRNPK	shRNA RNA-seq	HepG2	HNRNPK_HepG2	KO	1	1	1	ENCSR853ZJS	ENCFF106HXI	https://www.encodeproject.org/files/ENCFF106HXI/@@download/ENCFF106HXI.fastq.gz	RBP_knockdown/HNRNPK_HepG2	HNRNPK_HepG2_1_1.fastq.gz
positive	RBP	hnRNPK	HNRNPK	shRNA RNA-seq	HepG2	HNRNPK_HepG2	KO	1	1	2	ENCSR853ZJS	ENCFF763SDA	https://www.encodeproject.org/files/ENCFF763SDA/@@download/ENCFF763SDA.fastq.gz	RBP_knockdown/HNRNPK_HepG2	HNRNPK_HepG2_1_2.fastq.gz
positive	RBP	hnRNPK	HNRNPK	shRNA RNA-seq	HepG2	HNRNPK_HepG2	KO	2	2	1	ENCSR853ZJS	ENCFF462KWR	https://www.encodeproject.org/files/ENCFF462KWR/@@download/ENCFF462KWR.fastq.gz	RBP_knockdown/HNRNPK_HepG2	HNRNPK_HepG2_2_1.fastq.gz
positive	RBP	hnRNPK	HNRNPK	shRNA RNA-seq	HepG2	HNRNPK_HepG2	KO	2	2	2	ENCSR853ZJS	ENCFF949CWD	https://www.encodeproject.org/files/ENCFF949CWD/@@download/ENCFF949CWD.fastq.gz	RBP_knockdown/HNRNPK_HepG2	HNRNPK_HepG2_2_2.fastq.gz
positive	RBP	hnRNPK	HNRNPK	shRNA RNA-seq	HepG2	HNRNPK_HepG2	control	1	1	1	ENCSR237YZT	ENCFF801YDB	https://www.encodeproject.org/files/ENCFF801YDB/@@download/ENCFF801YDB.fastq.gz	RBP_knockdown/HNRNPK_HepG2	HNRNPK_HepG2_control1_1.fastq.gz
positive	RBP	hnRNPK	HNRNPK	shRNA RNA-seq	HepG2	HNRNPK_HepG2	control	1	1	2	ENCSR237YZT	ENCFF794CUL	https://www.encodeproject.org/files/ENCFF794CUL/@@download/ENCFF794CUL.fastq.gz	RBP_knockdown/HNRNPK_HepG2	HNRNPK_HepG2_control1_2.fastq.gz
positive	RBP	hnRNPK	HNRNPK	shRNA RNA-seq	HepG2	HNRNPK_HepG2	control	2	2	1	ENCSR237YZT	ENCFF619LUS	https://www.encodeproject.org/files/ENCFF619LUS/@@download/ENCFF619LUS.fastq.gz	RBP_knockdown/HNRNPK_HepG2	HNRNPK_HepG2_control2_1.fastq.gz
positive	RBP	hnRNPK	HNRNPK	shRNA RNA-seq	HepG2	HNRNPK_HepG2	control	2	2	2	ENCSR237YZT	ENCFF200OMG	https://www.encodeproject.org/files/ENCFF200OMG/@@download/ENCFF200OMG.fastq.gz	RBP_knockdown/HNRNPK_HepG2	HNRNPK_HepG2_control2_2.fastq.gz
positive	RBP	PCBP2	PCBP2	shRNA RNA-seq	HepG2	PCBP2_HepG2	KO	1	1	1	ENCSR028ITN	ENCFF201DAB	https://www.encodeproject.org/files/ENCFF201DAB/@@download/ENCFF201DAB.fastq.gz	RBP_knockdown/PCBP2_HepG2	PCBP2_HepG2_1_1.fastq.gz
positive	RBP	PCBP2	PCBP2	shRNA RNA-seq	HepG2	PCBP2_HepG2	KO	1	1	2	ENCSR028ITN	ENCFF788TCC	https://www.encodeproject.org/files/ENCFF788TCC/@@download/ENCFF788TCC.fastq.gz	RBP_knockdown/PCBP2_HepG2	PCBP2_HepG2_1_2.fastq.gz
positive	RBP	PCBP2	PCBP2	shRNA RNA-seq	HepG2	PCBP2_HepG2	KO	2	2	1	ENCSR028ITN	ENCFF017PVQ	https://www.encodeproject.org/files/ENCFF017PVQ/@@download/ENCFF017PVQ.fastq.gz	RBP_knockdown/PCBP2_HepG2	PCBP2_HepG2_2_1.fastq.gz
positive	RBP	PCBP2	PCBP2	shRNA RNA-seq	HepG2	PCBP2_HepG2	KO	2	2	2	ENCSR028ITN	ENCFF263RWL	https://www.encodeproject.org/files/ENCFF263RWL/@@download/ENCFF263RWL.fastq.gz	RBP_knockdown/PCBP2_HepG2	PCBP2_HepG2_2_2.fastq.gz
positive	RBP	PCBP2	PCBP2	shRNA RNA-seq	HepG2	PCBP2_HepG2	control	1	1	1	ENCSR491FOC	ENCFF866KCW	https://www.encodeproject.org/files/ENCFF866KCW/@@download/ENCFF866KCW.fastq.gz	RBP_knockdown/PCBP2_HepG2	PCBP2_HepG2_control1_1.fastq.gz
positive	RBP	PCBP2	PCBP2	shRNA RNA-seq	HepG2	PCBP2_HepG2	control	1	1	2	ENCSR491FOC	ENCFF518SUL	https://www.encodeproject.org/files/ENCFF518SUL/@@download/ENCFF518SUL.fastq.gz	RBP_knockdown/PCBP2_HepG2	PCBP2_HepG2_control1_2.fastq.gz
positive	RBP	PCBP2	PCBP2	shRNA RNA-seq	HepG2	PCBP2_HepG2	control	2	2	1	ENCSR491FOC	ENCFF813XBJ	https://www.encodeproject.org/files/ENCFF813XBJ/@@download/ENCFF813XBJ.fastq.gz	RBP_knockdown/PCBP2_HepG2	PCBP2_HepG2_control2_1.fastq.gz
positive	RBP	PCBP2	PCBP2	shRNA RNA-seq	HepG2	PCBP2_HepG2	control	2	2	2	ENCSR491FOC	ENCFF276KEO	https://www.encodeproject.org/files/ENCFF276KEO/@@download/ENCFF276KEO.fastq.gz	RBP_knockdown/PCBP2_HepG2	PCBP2_HepG2_control2_2.fastq.gz
positive	RBP	SRSF9	SRSF9	shRNA RNA-seq	HepG2	SRSF9_HepG2	KO	1	1	1	ENCSR597XHH	ENCFF515DAB	https://www.encodeproject.org/files/ENCFF515DAB/@@download/ENCFF515DAB.fastq.gz	RBP_knockdown/SRSF9_HepG2	SRSF9_HepG2_1_1.fastq.gz
positive	RBP	SRSF9	SRSF9	shRNA RNA-seq	HepG2	SRSF9_HepG2	KO	1	1	2	ENCSR597XHH	ENCFF275BLA	https://www.encodeproject.org/files/ENCFF275BLA/@@download/ENCFF275BLA.fastq.gz	RBP_knockdown/SRSF9_HepG2	SRSF9_HepG2_1_2.fastq.gz
positive	RBP	SRSF9	SRSF9	shRNA RNA-seq	HepG2	SRSF9_HepG2	KO	2	2	1	ENCSR597XHH	ENCFF763ICV	https://www.encodeproject.org/files/ENCFF763ICV/@@download/ENCFF763ICV.fastq.gz	RBP_knockdown/SRSF9_HepG2	SRSF9_HepG2_2_1.fastq.gz
positive	RBP	SRSF9	SRSF9	shRNA RNA-seq	HepG2	SRSF9_HepG2	KO	2	2	2	ENCSR597XHH	ENCFF391OVD	https://www.encodeproject.org/files/ENCFF391OVD/@@download/ENCFF391OVD.fastq.gz	RBP_knockdown/SRSF9_HepG2	SRSF9_HepG2_2_2.fastq.gz
positive	RBP	SRSF9	SRSF9	shRNA RNA-seq	HepG2	SRSF9_HepG2	control	1	1	1	ENCSR603TCV	ENCFF025YLM	https://www.encodeproject.org/files/ENCFF025YLM/@@download/ENCFF025YLM.fastq.gz	RBP_knockdown/SRSF9_HepG2	SRSF9_HepG2_control1_1.fastq.gz
positive	RBP	SRSF9	SRSF9	shRNA RNA-seq	HepG2	SRSF9_HepG2	control	1	1	2	ENCSR603TCV	ENCFF697WWV	https://www.encodeproject.org/files/ENCFF697WWV/@@download/ENCFF697WWV.fastq.gz	RBP_knockdown/SRSF9_HepG2	SRSF9_HepG2_control1_2.fastq.gz
positive	RBP	SRSF9	SRSF9	shRNA RNA-seq	HepG2	SRSF9_HepG2	control	2	2	1	ENCSR603TCV	ENCFF317AWM	https://www.encodeproject.org/files/ENCFF317AWM/@@download/ENCFF317AWM.fastq.gz	RBP_knockdown/SRSF9_HepG2	SRSF9_HepG2_control2_1.fastq.gz
positive	RBP	SRSF9	SRSF9	shRNA RNA-seq	HepG2	SRSF9_HepG2	control	2	2	2	ENCSR603TCV	ENCFF023MFT	https://www.encodeproject.org/files/ENCFF023MFT/@@download/ENCFF023MFT.fastq.gz	RBP_knockdown/SRSF9_HepG2	SRSF9_HepG2_control2_2.fastq.gz
negative	RBP	CPEB4	CPEB4	shRNA RNA-seq	K562	CPEB4_K562	KO	1	1	1	ENCSR795VAK	ENCFF114ZEL	https://www.encodeproject.org/files/ENCFF114ZEL/@@download/ENCFF114ZEL.fastq.gz	RBP_knockdown/CPEB4_K562	CPEB4_K562_1_1.fastq.gz
negative	RBP	CPEB4	CPEB4	shRNA RNA-seq	K562	CPEB4_K562	KO	1	1	2	ENCSR795VAK	ENCFF508IXG	https://www.encodeproject.org/files/ENCFF508IXG/@@download/ENCFF508IXG.fastq.gz	RBP_knockdown/CPEB4_K562	CPEB4_K562_1_2.fastq.gz
negative	RBP	CPEB4	CPEB4	shRNA RNA-seq	K562	CPEB4_K562	KO	2	2	1	ENCSR795VAK	ENCFF123VQY	https://www.encodeproject.org/files/ENCFF123VQY/@@download/ENCFF123VQY.fastq.gz	RBP_knockdown/CPEB4_K562	CPEB4_K562_2_1.fastq.gz
negative	RBP	CPEB4	CPEB4	shRNA RNA-seq	K562	CPEB4_K562	KO	2	2	2	ENCSR795VAK	ENCFF031GRZ	https://www.encodeproject.org/files/ENCFF031GRZ/@@download/ENCFF031GRZ.fastq.gz	RBP_knockdown/CPEB4_K562	CPEB4_K562_2_2.fastq.gz
negative	RBP	CPEB4	CPEB4	shRNA RNA-seq	K562	CPEB4_K562	control	1	1	1	ENCSR031RRO	ENCFF361RLP	https://www.encodeproject.org/files/ENCFF361RLP/@@download/ENCFF361RLP.fastq.gz	RBP_knockdown/CPEB4_K562	CPEB4_K562_control1_1.fastq.gz
negative	RBP	CPEB4	CPEB4	shRNA RNA-seq	K562	CPEB4_K562	control	1	1	2	ENCSR031RRO	ENCFF043VJU	https://www.encodeproject.org/files/ENCFF043VJU/@@download/ENCFF043VJU.fastq.gz	RBP_knockdown/CPEB4_K562	CPEB4_K562_control1_2.fastq.gz
negative	RBP	CPEB4	CPEB4	shRNA RNA-seq	K562	CPEB4_K562	control	2	2	1	ENCSR031RRO	ENCFF803FSB	https://www.encodeproject.org/files/ENCFF803FSB/@@download/ENCFF803FSB.fastq.gz	RBP_knockdown/CPEB4_K562	CPEB4_K562_control2_1.fastq.gz
negative	RBP	CPEB4	CPEB4	shRNA RNA-seq	K562	CPEB4_K562	control	2	2	2	ENCSR031RRO	ENCFF827KTS	https://www.encodeproject.org/files/ENCFF827KTS/@@download/ENCFF827KTS.fastq.gz	RBP_knockdown/CPEB4_K562	CPEB4_K562_control2_2.fastq.gz
negative	RBP	CSDA	YBX3	shRNA RNA-seq	HepG2	YBX3_HepG2	KO	1	1	1	ENCSR494VSD	ENCFF212RVY	https://www.encodeproject.org/files/ENCFF212RVY/@@download/ENCFF212RVY.fastq.gz	RBP_knockdown/YBX3_HepG2	YBX3_HepG2_1_1.fastq.gz
negative	RBP	CSDA	YBX3	shRNA RNA-seq	HepG2	YBX3_HepG2	KO	1	1	2	ENCSR494VSD	ENCFF438PPS	https://www.encodeproject.org/files/ENCFF438PPS/@@download/ENCFF438PPS.fastq.gz	RBP_knockdown/YBX3_HepG2	YBX3_HepG2_1_2.fastq.gz
negative	RBP	CSDA	YBX3	shRNA RNA-seq	HepG2	YBX3_HepG2	KO	2	2	1	ENCSR494VSD	ENCFF715FJL	https://www.encodeproject.org/files/ENCFF715FJL/@@download/ENCFF715FJL.fastq.gz	RBP_knockdown/YBX3_HepG2	YBX3_HepG2_2_1.fastq.gz
negative	RBP	CSDA	YBX3	shRNA RNA-seq	HepG2	YBX3_HepG2	KO	2	2	2	ENCSR494VSD	ENCFF552XHQ	https://www.encodeproject.org/files/ENCFF552XHQ/@@download/ENCFF552XHQ.fastq.gz	RBP_knockdown/YBX3_HepG2	YBX3_HepG2_2_2.fastq.gz
negative	RBP	CSDA	YBX3	shRNA RNA-seq	HepG2	YBX3_HepG2	control	1	1	1	ENCSR305XWT	ENCFF711JSH	https://www.encodeproject.org/files/ENCFF711JSH/@@download/ENCFF711JSH.fastq.gz	RBP_knockdown/YBX3_HepG2	YBX3_HepG2_control1_1.fastq.gz
negative	RBP	CSDA	YBX3	shRNA RNA-seq	HepG2	YBX3_HepG2	control	1	1	2	ENCSR305XWT	ENCFF941XAQ	https://www.encodeproject.org/files/ENCFF941XAQ/@@download/ENCFF941XAQ.fastq.gz	RBP_knockdown/YBX3_HepG2	YBX3_HepG2_control1_2.fastq.gz
negative	RBP	CSDA	YBX3	shRNA RNA-seq	HepG2	YBX3_HepG2	control	2	2	1	ENCSR305XWT	ENCFF701KJC	https://www.encodeproject.org/files/ENCFF701KJC/@@download/ENCFF701KJC.fastq.gz	RBP_knockdown/YBX3_HepG2	YBX3_HepG2_control2_1.fastq.gz
negative	RBP	CSDA	YBX3	shRNA RNA-seq	HepG2	YBX3_HepG2	control	2	2	2	ENCSR305XWT	ENCFF603JIF	https://www.encodeproject.org/files/ENCFF603JIF/@@download/ENCFF603JIF.fastq.gz	RBP_knockdown/YBX3_HepG2	YBX3_HepG2_control2_2.fastq.gz
negative	RBP	EIF4B	EIF4B	shRNA RNA-seq	K562	EIF4B_K562	KO	1	1	1	ENCSR774BXV	ENCFF824FES	https://www.encodeproject.org/files/ENCFF824FES/@@download/ENCFF824FES.fastq.gz	RBP_knockdown/EIF4B_K562	EIF4B_K562_1_1.fastq.gz
negative	RBP	EIF4B	EIF4B	shRNA RNA-seq	K562	EIF4B_K562	KO	1	1	2	ENCSR774BXV	ENCFF439RFC	https://www.encodeproject.org/files/ENCFF439RFC/@@download/ENCFF439RFC.fastq.gz	RBP_knockdown/EIF4B_K562	EIF4B_K562_1_2.fastq.gz
negative	RBP	EIF4B	EIF4B	shRNA RNA-seq	K562	EIF4B_K562	KO	2	2	1	ENCSR774BXV	ENCFF540OGR	https://www.encodeproject.org/files/ENCFF540OGR/@@download/ENCFF540OGR.fastq.gz	RBP_knockdown/EIF4B_K562	EIF4B_K562_2_1.fastq.gz
negative	RBP	EIF4B	EIF4B	shRNA RNA-seq	K562	EIF4B_K562	KO	2	2	2	ENCSR774BXV	ENCFF745IWF	https://www.encodeproject.org/files/ENCFF745IWF/@@download/ENCFF745IWF.fastq.gz	RBP_knockdown/EIF4B_K562	EIF4B_K562_2_2.fastq.gz
negative	RBP	EIF4B	EIF4B	shRNA RNA-seq	K562	EIF4B_K562	control	1	1	1	ENCSR913CAE	ENCFF017WXT	https://www.encodeproject.org/files/ENCFF017WXT/@@download/ENCFF017WXT.fastq.gz	RBP_knockdown/EIF4B_K562	EIF4B_K562_control1_1.fastq.gz
negative	RBP	EIF4B	EIF4B	shRNA RNA-seq	K562	EIF4B_K562	control	1	1	2	ENCSR913CAE	ENCFF510GOL	https://www.encodeproject.org/files/ENCFF510GOL/@@download/ENCFF510GOL.fastq.gz	RBP_knockdown/EIF4B_K562	EIF4B_K562_control1_2.fastq.gz
negative	RBP	EIF4B	EIF4B	shRNA RNA-seq	K562	EIF4B_K562	control	2	2	1	ENCSR913CAE	ENCFF767CVZ	https://www.encodeproject.org/files/ENCFF767CVZ/@@download/ENCFF767CVZ.fastq.gz	RBP_knockdown/EIF4B_K562	EIF4B_K562_control2_1.fastq.gz
negative	RBP	EIF4B	EIF4B	shRNA RNA-seq	K562	EIF4B_K562	control	2	2	2	ENCSR913CAE	ENCFF791XKE	https://www.encodeproject.org/files/ENCFF791XKE/@@download/ENCFF791XKE.fastq.gz	RBP_knockdown/EIF4B_K562	EIF4B_K562_control2_2.fastq.gz
negative	RBP	FXR1	FXR1	shRNA RNA-seq	K562	FXR1_K562	KO	1	1	1	ENCSR780YFF	ENCFF430FYR	https://www.encodeproject.org/files/ENCFF430FYR/@@download/ENCFF430FYR.fastq.gz	RBP_knockdown/FXR1_K562	FXR1_K562_1_1.fastq.gz
negative	RBP	FXR1	FXR1	shRNA RNA-seq	K562	FXR1_K562	KO	1	1	2	ENCSR780YFF	ENCFF733UKJ	https://www.encodeproject.org/files/ENCFF733UKJ/@@download/ENCFF733UKJ.fastq.gz	RBP_knockdown/FXR1_K562	FXR1_K562_1_2.fastq.gz
negative	RBP	FXR1	FXR1	shRNA RNA-seq	K562	FXR1_K562	KO	2	2	1	ENCSR780YFF	ENCFF332WAY	https://www.encodeproject.org/files/ENCFF332WAY/@@download/ENCFF332WAY.fastq.gz	RBP_knockdown/FXR1_K562	FXR1_K562_2_1.fastq.gz
negative	RBP	FXR1	FXR1	shRNA RNA-seq	K562	FXR1_K562	KO	2	2	2	ENCSR780YFF	ENCFF208GLL	https://www.encodeproject.org/files/ENCFF208GLL/@@download/ENCFF208GLL.fastq.gz	RBP_knockdown/FXR1_K562	FXR1_K562_2_2.fastq.gz
negative	RBP	FXR1	FXR1	shRNA RNA-seq	K562	FXR1_K562	control	1	1	1	ENCSR913CAE	ENCFF017WXT	https://www.encodeproject.org/files/ENCFF017WXT/@@download/ENCFF017WXT.fastq.gz	RBP_knockdown/FXR1_K562	FXR1_K562_control1_1.fastq.gz
negative	RBP	FXR1	FXR1	shRNA RNA-seq	K562	FXR1_K562	control	1	1	2	ENCSR913CAE	ENCFF510GOL	https://www.encodeproject.org/files/ENCFF510GOL/@@download/ENCFF510GOL.fastq.gz	RBP_knockdown/FXR1_K562	FXR1_K562_control1_2.fastq.gz
negative	RBP	FXR1	FXR1	shRNA RNA-seq	K562	FXR1_K562	control	2	2	1	ENCSR913CAE	ENCFF767CVZ	https://www.encodeproject.org/files/ENCFF767CVZ/@@download/ENCFF767CVZ.fastq.gz	RBP_knockdown/FXR1_K562	FXR1_K562_control2_1.fastq.gz
negative	RBP	FXR1	FXR1	shRNA RNA-seq	K562	FXR1_K562	control	2	2	2	ENCSR913CAE	ENCFF791XKE	https://www.encodeproject.org/files/ENCFF791XKE/@@download/ENCFF791XKE.fastq.gz	RBP_knockdown/FXR1_K562	FXR1_K562_control2_2.fastq.gz
negative	RBP	KHDRBS1	KHDRBS1	shRNA RNA-seq	HepG2	KHDRBS1_HepG2	KO	1	1	1	ENCSR784FTX	ENCFF702UDY	https://www.encodeproject.org/files/ENCFF702UDY/@@download/ENCFF702UDY.fastq.gz	RBP_knockdown/KHDRBS1_HepG2	KHDRBS1_HepG2_1_1.fastq.gz
negative	RBP	KHDRBS1	KHDRBS1	shRNA RNA-seq	HepG2	KHDRBS1_HepG2	KO	1	1	2	ENCSR784FTX	ENCFF689XVP	https://www.encodeproject.org/files/ENCFF689XVP/@@download/ENCFF689XVP.fastq.gz	RBP_knockdown/KHDRBS1_HepG2	KHDRBS1_HepG2_1_2.fastq.gz
negative	RBP	KHDRBS1	KHDRBS1	shRNA RNA-seq	HepG2	KHDRBS1_HepG2	KO	2	2	1	ENCSR784FTX	ENCFF909SSA	https://www.encodeproject.org/files/ENCFF909SSA/@@download/ENCFF909SSA.fastq.gz	RBP_knockdown/KHDRBS1_HepG2	KHDRBS1_HepG2_2_1.fastq.gz
negative	RBP	KHDRBS1	KHDRBS1	shRNA RNA-seq	HepG2	KHDRBS1_HepG2	KO	2	2	2	ENCSR784FTX	ENCFF730GDK	https://www.encodeproject.org/files/ENCFF730GDK/@@download/ENCFF730GDK.fastq.gz	RBP_knockdown/KHDRBS1_HepG2	KHDRBS1_HepG2_2_2.fastq.gz
negative	RBP	KHDRBS1	KHDRBS1	shRNA RNA-seq	HepG2	KHDRBS1_HepG2	control	1	1	1	ENCSR279HMU	ENCFF366MJN	https://www.encodeproject.org/files/ENCFF366MJN/@@download/ENCFF366MJN.fastq.gz	RBP_knockdown/KHDRBS1_HepG2	KHDRBS1_HepG2_control1_1.fastq.gz
negative	RBP	KHDRBS1	KHDRBS1	shRNA RNA-seq	HepG2	KHDRBS1_HepG2	control	1	1	2	ENCSR279HMU	ENCFF259JKZ	https://www.encodeproject.org/files/ENCFF259JKZ/@@download/ENCFF259JKZ.fastq.gz	RBP_knockdown/KHDRBS1_HepG2	KHDRBS1_HepG2_control1_2.fastq.gz
negative	RBP	KHDRBS1	KHDRBS1	shRNA RNA-seq	HepG2	KHDRBS1_HepG2	control	2	2	1	ENCSR279HMU	ENCFF006BJQ	https://www.encodeproject.org/files/ENCFF006BJQ/@@download/ENCFF006BJQ.fastq.gz	RBP_knockdown/KHDRBS1_HepG2	KHDRBS1_HepG2_control2_1.fastq.gz
negative	RBP	KHDRBS1	KHDRBS1	shRNA RNA-seq	HepG2	KHDRBS1_HepG2	control	2	2	2	ENCSR279HMU	ENCFF271EDI	https://www.encodeproject.org/files/ENCFF271EDI/@@download/ENCFF271EDI.fastq.gz	RBP_knockdown/KHDRBS1_HepG2	KHDRBS1_HepG2_control2_2.fastq.gz
negative	RBP	PABPC1	PABPC1	shRNA RNA-seq	K562	PABPC1_K562	KO	1	1	1	ENCSR192GBD	ENCFF673ANB	https://www.encodeproject.org/files/ENCFF673ANB/@@download/ENCFF673ANB.fastq.gz	RBP_knockdown/PABPC1_K562	PABPC1_K562_1_1.fastq.gz
negative	RBP	PABPC1	PABPC1	shRNA RNA-seq	K562	PABPC1_K562	KO	1	1	2	ENCSR192GBD	ENCFF968JSN	https://www.encodeproject.org/files/ENCFF968JSN/@@download/ENCFF968JSN.fastq.gz	RBP_knockdown/PABPC1_K562	PABPC1_K562_1_2.fastq.gz
negative	RBP	PABPC1	PABPC1	shRNA RNA-seq	K562	PABPC1_K562	KO	2	2	1	ENCSR192GBD	ENCFF141GMF	https://www.encodeproject.org/files/ENCFF141GMF/@@download/ENCFF141GMF.fastq.gz	RBP_knockdown/PABPC1_K562	PABPC1_K562_2_1.fastq.gz
negative	RBP	PABPC1	PABPC1	shRNA RNA-seq	K562	PABPC1_K562	KO	2	2	2	ENCSR192GBD	ENCFF380NPY	https://www.encodeproject.org/files/ENCFF380NPY/@@download/ENCFF380NPY.fastq.gz	RBP_knockdown/PABPC1_K562	PABPC1_K562_2_2.fastq.gz
negative	RBP	PABPC1	PABPC1	shRNA RNA-seq	K562	PABPC1_K562	control	1	1	1	ENCSR419JMU	ENCFF447KSW	https://www.encodeproject.org/files/ENCFF447KSW/@@download/ENCFF447KSW.fastq.gz	RBP_knockdown/PABPC1_K562	PABPC1_K562_control1_1.fastq.gz
negative	RBP	PABPC1	PABPC1	shRNA RNA-seq	K562	PABPC1_K562	control	1	1	2	ENCSR419JMU	ENCFF111AWS	https://www.encodeproject.org/files/ENCFF111AWS/@@download/ENCFF111AWS.fastq.gz	RBP_knockdown/PABPC1_K562	PABPC1_K562_control1_2.fastq.gz
negative	RBP	PABPC1	PABPC1	shRNA RNA-seq	K562	PABPC1_K562	control	2	2	1	ENCSR419JMU	ENCFF497HLJ	https://www.encodeproject.org/files/ENCFF497HLJ/@@download/ENCFF497HLJ.fastq.gz	RBP_knockdown/PABPC1_K562	PABPC1_K562_control2_1.fastq.gz
negative	RBP	PABPC1	PABPC1	shRNA RNA-seq	K562	PABPC1_K562	control	2	2	2	ENCSR419JMU	ENCFF561NSL	https://www.encodeproject.org/files/ENCFF561NSL/@@download/ENCFF561NSL.fastq.gz	RBP_knockdown/PABPC1_K562	PABPC1_K562_control2_2.fastq.gz
negative	RBP	PTBP1	PTBP1	shRNA RNA-seq	K562	PTBP1_K562	KO	1	1	1	ENCSR527IVX	ENCFF184CDV	https://www.encodeproject.org/files/ENCFF184CDV/@@download/ENCFF184CDV.fastq.gz	RBP_knockdown/PTBP1_K562	PTBP1_K562_1_1.fastq.gz
negative	RBP	PTBP1	PTBP1	shRNA RNA-seq	K562	PTBP1_K562	KO	1	1	2	ENCSR527IVX	ENCFF456OPJ	https://www.encodeproject.org/files/ENCFF456OPJ/@@download/ENCFF456OPJ.fastq.gz	RBP_knockdown/PTBP1_K562	PTBP1_K562_1_2.fastq.gz
negative	RBP	PTBP1	PTBP1	shRNA RNA-seq	K562	PTBP1_K562	KO	2	2	1	ENCSR527IVX	ENCFF893AGN	https://www.encodeproject.org/files/ENCFF893AGN/@@download/ENCFF893AGN.fastq.gz	RBP_knockdown/PTBP1_K562	PTBP1_K562_2_1.fastq.gz
negative	RBP	PTBP1	PTBP1	shRNA RNA-seq	K562	PTBP1_K562	KO	2	2	2	ENCSR527IVX	ENCFF642KBO	https://www.encodeproject.org/files/ENCFF642KBO/@@download/ENCFF642KBO.fastq.gz	RBP_knockdown/PTBP1_K562	PTBP1_K562_2_2.fastq.gz
negative	RBP	PTBP1	PTBP1	shRNA RNA-seq	K562	PTBP1_K562	control	1	1	1	ENCSR129RWD	ENCFF726LTF	https://www.encodeproject.org/files/ENCFF726LTF/@@download/ENCFF726LTF.fastq.gz	RBP_knockdown/PTBP1_K562	PTBP1_K562_control1_1.fastq.gz
negative	RBP	PTBP1	PTBP1	shRNA RNA-seq	K562	PTBP1_K562	control	1	1	2	ENCSR129RWD	ENCFF569YVH	https://www.encodeproject.org/files/ENCFF569YVH/@@download/ENCFF569YVH.fastq.gz	RBP_knockdown/PTBP1_K562	PTBP1_K562_control1_2.fastq.gz
negative	RBP	PTBP1	PTBP1	shRNA RNA-seq	K562	PTBP1_K562	control	2	2	1	ENCSR129RWD	ENCFF891EGO	https://www.encodeproject.org/files/ENCFF891EGO/@@download/ENCFF891EGO.fastq.gz	RBP_knockdown/PTBP1_K562	PTBP1_K562_control2_1.fastq.gz
negative	RBP	PTBP1	PTBP1	shRNA RNA-seq	K562	PTBP1_K562	control	2	2	2	ENCSR129RWD	ENCFF667EXM	https://www.encodeproject.org/files/ENCFF667EXM/@@download/ENCFF667EXM.fastq.gz	RBP_knockdown/PTBP1_K562	PTBP1_K562_control2_2.fastq.gz
negative	RBP	SART3	SART3	shRNA RNA-seq	K562	SART3_K562	KO	1	1	1	ENCSR954HAY	ENCFF610JSB	https://www.encodeproject.org/files/ENCFF610JSB/@@download/ENCFF610JSB.fastq.gz	RBP_knockdown/SART3_K562	SART3_K562_1_1.fastq.gz
negative	RBP	SART3	SART3	shRNA RNA-seq	K562	SART3_K562	KO	1	1	2	ENCSR954HAY	ENCFF168QLG	https://www.encodeproject.org/files/ENCFF168QLG/@@download/ENCFF168QLG.fastq.gz	RBP_knockdown/SART3_K562	SART3_K562_1_2.fastq.gz
negative	RBP	SART3	SART3	shRNA RNA-seq	K562	SART3_K562	KO	2	2	1	ENCSR954HAY	ENCFF517FBY	https://www.encodeproject.org/files/ENCFF517FBY/@@download/ENCFF517FBY.fastq.gz	RBP_knockdown/SART3_K562	SART3_K562_2_1.fastq.gz
negative	RBP	SART3	SART3	shRNA RNA-seq	K562	SART3_K562	KO	2	2	2	ENCSR954HAY	ENCFF043UGU	https://www.encodeproject.org/files/ENCFF043UGU/@@download/ENCFF043UGU.fastq.gz	RBP_knockdown/SART3_K562	SART3_K562_2_2.fastq.gz
negative	RBP	SART3	SART3	shRNA RNA-seq	K562	SART3_K562	control	1	1	1	ENCSR419JMU	ENCFF447KSW	https://www.encodeproject.org/files/ENCFF447KSW/@@download/ENCFF447KSW.fastq.gz	RBP_knockdown/SART3_K562	SART3_K562_control1_1.fastq.gz
negative	RBP	SART3	SART3	shRNA RNA-seq	K562	SART3_K562	control	1	1	2	ENCSR419JMU	ENCFF111AWS	https://www.encodeproject.org/files/ENCFF111AWS/@@download/ENCFF111AWS.fastq.gz	RBP_knockdown/SART3_K562	SART3_K562_control1_2.fastq.gz
negative	RBP	SART3	SART3	shRNA RNA-seq	K562	SART3_K562	control	2	2	1	ENCSR419JMU	ENCFF497HLJ	https://www.encodeproject.org/files/ENCFF497HLJ/@@download/ENCFF497HLJ.fastq.gz	RBP_knockdown/SART3_K562	SART3_K562_control2_1.fastq.gz
negative	RBP	SART3	SART3	shRNA RNA-seq	K562	SART3_K562	control	2	2	2	ENCSR419JMU	ENCFF561NSL	https://www.encodeproject.org/files/ENCFF561NSL/@@download/ENCFF561NSL.fastq.gz	RBP_knockdown/SART3_K562	SART3_K562_control2_2.fastq.gz
negative	RBP	SF3B4	SF3B4	shRNA RNA-seq	HepG2	SF3B4_HepG2	KO	1	1	1	ENCSR148MQK	ENCFF541HLQ	https://www.encodeproject.org/files/ENCFF541HLQ/@@download/ENCFF541HLQ.fastq.gz	RBP_knockdown/SF3B4_HepG2	SF3B4_HepG2_1_1.fastq.gz
negative	RBP	SF3B4	SF3B4	shRNA RNA-seq	HepG2	SF3B4_HepG2	KO	1	1	2	ENCSR148MQK	ENCFF855NHU	https://www.encodeproject.org/files/ENCFF855NHU/@@download/ENCFF855NHU.fastq.gz	RBP_knockdown/SF3B4_HepG2	SF3B4_HepG2_1_2.fastq.gz
negative	RBP	SF3B4	SF3B4	shRNA RNA-seq	HepG2	SF3B4_HepG2	KO	2	2	1	ENCSR148MQK	ENCFF825DLG	https://www.encodeproject.org/files/ENCFF825DLG/@@download/ENCFF825DLG.fastq.gz	RBP_knockdown/SF3B4_HepG2	SF3B4_HepG2_2_1.fastq.gz
negative	RBP	SF3B4	SF3B4	shRNA RNA-seq	HepG2	SF3B4_HepG2	KO	2	2	2	ENCSR148MQK	ENCFF823ZLQ	https://www.encodeproject.org/files/ENCFF823ZLQ/@@download/ENCFF823ZLQ.fastq.gz	RBP_knockdown/SF3B4_HepG2	SF3B4_HepG2_2_2.fastq.gz
negative	RBP	SF3B4	SF3B4	shRNA RNA-seq	HepG2	SF3B4_HepG2	control	1	1	1	ENCSR603TCV	ENCFF025YLM	https://www.encodeproject.org/files/ENCFF025YLM/@@download/ENCFF025YLM.fastq.gz	RBP_knockdown/SF3B4_HepG2	SF3B4_HepG2_control1_1.fastq.gz
negative	RBP	SF3B4	SF3B4	shRNA RNA-seq	HepG2	SF3B4_HepG2	control	1	1	2	ENCSR603TCV	ENCFF697WWV	https://www.encodeproject.org/files/ENCFF697WWV/@@download/ENCFF697WWV.fastq.gz	RBP_knockdown/SF3B4_HepG2	SF3B4_HepG2_control1_2.fastq.gz
negative	RBP	SF3B4	SF3B4	shRNA RNA-seq	HepG2	SF3B4_HepG2	control	2	2	1	ENCSR603TCV	ENCFF317AWM	https://www.encodeproject.org/files/ENCFF317AWM/@@download/ENCFF317AWM.fastq.gz	RBP_knockdown/SF3B4_HepG2	SF3B4_HepG2_control2_1.fastq.gz
negative	RBP	SF3B4	SF3B4	shRNA RNA-seq	HepG2	SF3B4_HepG2	control	2	2	2	ENCSR603TCV	ENCFF023MFT	https://www.encodeproject.org/files/ENCFF023MFT/@@download/ENCFF023MFT.fastq.gz	RBP_knockdown/SF3B4_HepG2	SF3B4_HepG2_control2_2.fastq.gz
negative	RBP	TARDBP	TARDBP	shRNA RNA-seq	HepG2	TARDBP_HepG2	KO	1	1	1	ENCSR527QNC	ENCFF682WVW	https://www.encodeproject.org/files/ENCFF682WVW/@@download/ENCFF682WVW.fastq.gz	RBP_knockdown/TARDBP_HepG2	TARDBP_HepG2_1_1.fastq.gz
negative	RBP	TARDBP	TARDBP	shRNA RNA-seq	HepG2	TARDBP_HepG2	KO	1	1	2	ENCSR527QNC	ENCFF637BLZ	https://www.encodeproject.org/files/ENCFF637BLZ/@@download/ENCFF637BLZ.fastq.gz	RBP_knockdown/TARDBP_HepG2	TARDBP_HepG2_1_2.fastq.gz
negative	RBP	TARDBP	TARDBP	shRNA RNA-seq	HepG2	TARDBP_HepG2	KO	2	2	1	ENCSR527QNC	ENCFF306FRF	https://www.encodeproject.org/files/ENCFF306FRF/@@download/ENCFF306FRF.fastq.gz	RBP_knockdown/TARDBP_HepG2	TARDBP_HepG2_2_1.fastq.gz
negative	RBP	TARDBP	TARDBP	shRNA RNA-seq	HepG2	TARDBP_HepG2	KO	2	2	2	ENCSR527QNC	ENCFF424BJP	https://www.encodeproject.org/files/ENCFF424BJP/@@download/ENCFF424BJP.fastq.gz	RBP_knockdown/TARDBP_HepG2	TARDBP_HepG2_2_2.fastq.gz
negative	RBP	TARDBP	TARDBP	shRNA RNA-seq	HepG2	TARDBP_HepG2	control	1	1	1	ENCSR264TUE	ENCFF427IYE	https://www.encodeproject.org/files/ENCFF427IYE/@@download/ENCFF427IYE.fastq.gz	RBP_knockdown/TARDBP_HepG2	TARDBP_HepG2_control1_1.fastq.gz
negative	RBP	TARDBP	TARDBP	shRNA RNA-seq	HepG2	TARDBP_HepG2	control	1	1	2	ENCSR264TUE	ENCFF554VFV	https://www.encodeproject.org/files/ENCFF554VFV/@@download/ENCFF554VFV.fastq.gz	RBP_knockdown/TARDBP_HepG2	TARDBP_HepG2_control1_2.fastq.gz
negative	RBP	TARDBP	TARDBP	shRNA RNA-seq	HepG2	TARDBP_HepG2	control	2	2	1	ENCSR264TUE	ENCFF032JQZ	https://www.encodeproject.org/files/ENCFF032JQZ/@@download/ENCFF032JQZ.fastq.gz	RBP_knockdown/TARDBP_HepG2	TARDBP_HepG2_control2_1.fastq.gz
negative	RBP	TARDBP	TARDBP	shRNA RNA-seq	HepG2	TARDBP_HepG2	control	2	2	2	ENCSR264TUE	ENCFF191JJU	https://www.encodeproject.org/files/ENCFF191JJU/@@download/ENCFF191JJU.fastq.gz	RBP_knockdown/TARDBP_HepG2	TARDBP_HepG2_control2_2.fastq.gz
negative	RBP	TIA1	TIA1	shRNA RNA-seq	K562	TIA1_K562	KO	1	1	1	ENCSR694LKY	ENCFF228TQK	https://www.encodeproject.org/files/ENCFF228TQK/@@download/ENCFF228TQK.fastq.gz	RBP_knockdown/TIA1_K562	TIA1_K562_1_1.fastq.gz
negative	RBP	TIA1	TIA1	shRNA RNA-seq	K562	TIA1_K562	KO	1	1	2	ENCSR694LKY	ENCFF773CAF	https://www.encodeproject.org/files/ENCFF773CAF/@@download/ENCFF773CAF.fastq.gz	RBP_knockdown/TIA1_K562	TIA1_K562_1_2.fastq.gz
negative	RBP	TIA1	TIA1	shRNA RNA-seq	K562	TIA1_K562	KO	2	2	1	ENCSR694LKY	ENCFF647VRD	https://www.encodeproject.org/files/ENCFF647VRD/@@download/ENCFF647VRD.fastq.gz	RBP_knockdown/TIA1_K562	TIA1_K562_2_1.fastq.gz
negative	RBP	TIA1	TIA1	shRNA RNA-seq	K562	TIA1_K562	KO	2	2	2	ENCSR694LKY	ENCFF845KED	https://www.encodeproject.org/files/ENCFF845KED/@@download/ENCFF845KED.fastq.gz	RBP_knockdown/TIA1_K562	TIA1_K562_2_2.fastq.gz
negative	RBP	TIA1	TIA1	shRNA RNA-seq	K562	TIA1_K562	control	1	1	1	ENCSR129RWD	ENCFF726LTF	https://www.encodeproject.org/files/ENCFF726LTF/@@download/ENCFF726LTF.fastq.gz	RBP_knockdown/TIA1_K562	TIA1_K562_control1_1.fastq.gz
negative	RBP	TIA1	TIA1	shRNA RNA-seq	K562	TIA1_K562	control	1	1	2	ENCSR129RWD	ENCFF569YVH	https://www.encodeproject.org/files/ENCFF569YVH/@@download/ENCFF569YVH.fastq.gz	RBP_knockdown/TIA1_K562	TIA1_K562_control1_2.fastq.gz
negative	RBP	TIA1	TIA1	shRNA RNA-seq	K562	TIA1_K562	control	2	2	1	ENCSR129RWD	ENCFF891EGO	https://www.encodeproject.org/files/ENCFF891EGO/@@download/ENCFF891EGO.fastq.gz	RBP_knockdown/TIA1_K562	TIA1_K562_control2_1.fastq.gz
negative	RBP	TIA1	TIA1	shRNA RNA-seq	K562	TIA1_K562	control	2	2	2	ENCSR129RWD	ENCFF667EXM	https://www.encodeproject.org/files/ENCFF667EXM/@@download/ENCFF667EXM.fastq.gz	RBP_knockdown/TIA1_K562	TIA1_K562_control2_2.fastq.gz
negative	RBP	U2AF2	U2AF2	shRNA RNA-seq	HepG2	U2AF2_HepG2	KO	1	1	1	ENCSR426UUG	ENCFF020XNK	https://www.encodeproject.org/files/ENCFF020XNK/@@download/ENCFF020XNK.fastq.gz	RBP_knockdown/U2AF2_HepG2	U2AF2_HepG2_1_1.fastq.gz
negative	RBP	U2AF2	U2AF2	shRNA RNA-seq	HepG2	U2AF2_HepG2	KO	1	1	2	ENCSR426UUG	ENCFF354AMD	https://www.encodeproject.org/files/ENCFF354AMD/@@download/ENCFF354AMD.fastq.gz	RBP_knockdown/U2AF2_HepG2	U2AF2_HepG2_1_2.fastq.gz
negative	RBP	U2AF2	U2AF2	shRNA RNA-seq	HepG2	U2AF2_HepG2	KO	2	2	1	ENCSR426UUG	ENCFF298TSM	https://www.encodeproject.org/files/ENCFF298TSM/@@download/ENCFF298TSM.fastq.gz	RBP_knockdown/U2AF2_HepG2	U2AF2_HepG2_2_1.fastq.gz
negative	RBP	U2AF2	U2AF2	shRNA RNA-seq	HepG2	U2AF2_HepG2	KO	2	2	2	ENCSR426UUG	ENCFF229BQW	https://www.encodeproject.org/files/ENCFF229BQW/@@download/ENCFF229BQW.fastq.gz	RBP_knockdown/U2AF2_HepG2	U2AF2_HepG2_2_2.fastq.gz
negative	RBP	U2AF2	U2AF2	shRNA RNA-seq	HepG2	U2AF2_HepG2	control	1	1	1	ENCSR104ABF	ENCFF291QQH	https://www.encodeproject.org/files/ENCFF291QQH/@@download/ENCFF291QQH.fastq.gz	RBP_knockdown/U2AF2_HepG2	U2AF2_HepG2_control1_1.fastq.gz
negative	RBP	U2AF2	U2AF2	shRNA RNA-seq	HepG2	U2AF2_HepG2	control	1	1	2	ENCSR104ABF	ENCFF602GIQ	https://www.encodeproject.org/files/ENCFF602GIQ/@@download/ENCFF602GIQ.fastq.gz	RBP_knockdown/U2AF2_HepG2	U2AF2_HepG2_control1_2.fastq.gz
negative	RBP	U2AF2	U2AF2	shRNA RNA-seq	HepG2	U2AF2_HepG2	control	2	2	1	ENCSR104ABF	ENCFF503VRZ	https://www.encodeproject.org/files/ENCFF503VRZ/@@download/ENCFF503VRZ.fastq.gz	RBP_knockdown/U2AF2_HepG2	U2AF2_HepG2_control2_1.fastq.gz
negative	RBP	U2AF2	U2AF2	shRNA RNA-seq	HepG2	U2AF2_HepG2	control	2	2	2	ENCSR104ABF	ENCFF105YHI	https://www.encodeproject.org/files/ENCFF105YHI/@@download/ENCFF105YHI.fastq.gz	RBP_knockdown/U2AF2_HepG2	U2AF2_HepG2_control2_2.fastq.gz
neutral	RBP	HNRNPL	HNRNPL	shRNA RNA-seq	K562	HNRNPL_K562	KO	1	1	1	ENCSR563YIS	ENCFF630ZDV	https://www.encodeproject.org/files/ENCFF630ZDV/@@download/ENCFF630ZDV.fastq.gz	RBP_knockdown/HNRNPL_K562	HNRNPL_K562_1_1.fastq.gz
neutral	RBP	HNRNPL	HNRNPL	shRNA RNA-seq	K562	HNRNPL_K562	KO	1	1	2	ENCSR563YIS	ENCFF993TUN	https://www.encodeproject.org/files/ENCFF993TUN/@@download/ENCFF993TUN.fastq.gz	RBP_knockdown/HNRNPL_K562	HNRNPL_K562_1_2.fastq.gz
neutral	RBP	HNRNPL	HNRNPL	shRNA RNA-seq	K562	HNRNPL_K562	KO	2	2	1	ENCSR563YIS	ENCFF064IDI	https://www.encodeproject.org/files/ENCFF064IDI/@@download/ENCFF064IDI.fastq.gz	RBP_knockdown/HNRNPL_K562	HNRNPL_K562_2_1.fastq.gz
neutral	RBP	HNRNPL	HNRNPL	shRNA RNA-seq	K562	HNRNPL_K562	KO	2	2	2	ENCSR563YIS	ENCFF529LIT	https://www.encodeproject.org/files/ENCFF529LIT/@@download/ENCFF529LIT.fastq.gz	RBP_knockdown/HNRNPL_K562	HNRNPL_K562_2_2.fastq.gz
neutral	RBP	HNRNPL	HNRNPL	shRNA RNA-seq	K562	HNRNPL_K562	control	1	1	1	ENCSR031RRO	ENCFF361RLP	https://www.encodeproject.org/files/ENCFF361RLP/@@download/ENCFF361RLP.fastq.gz	RBP_knockdown/HNRNPL_K562	HNRNPL_K562_control1_1.fastq.gz
neutral	RBP	HNRNPL	HNRNPL	shRNA RNA-seq	K562	HNRNPL_K562	control	1	1	2	ENCSR031RRO	ENCFF043VJU	https://www.encodeproject.org/files/ENCFF043VJU/@@download/ENCFF043VJU.fastq.gz	RBP_knockdown/HNRNPL_K562	HNRNPL_K562_control1_2.fastq.gz
neutral	RBP	HNRNPL	HNRNPL	shRNA RNA-seq	K562	HNRNPL_K562	control	2	2	1	ENCSR031RRO	ENCFF803FSB	https://www.encodeproject.org/files/ENCFF803FSB/@@download/ENCFF803FSB.fastq.gz	RBP_knockdown/HNRNPL_K562	HNRNPL_K562_control2_1.fastq.gz
neutral	RBP	HNRNPL	HNRNPL	shRNA RNA-seq	K562	HNRNPL_K562	control	2	2	2	ENCSR031RRO	ENCFF827KTS	https://www.encodeproject.org/files/ENCFF827KTS/@@download/ENCFF827KTS.fastq.gz	RBP_knockdown/HNRNPL_K562	HNRNPL_K562_control2_2.fastq.gz
neutral	RBP	hnRNPLL	HNRNPLL	shRNA RNA-seq	HepG2	HNRNPLL_HepG2	KO	1	1	1	ENCSR490DYI	ENCFF370WAJ	https://www.encodeproject.org/files/ENCFF370WAJ/@@download/ENCFF370WAJ.fastq.gz	RBP_knockdown/HNRNPLL_HepG2	HNRNPLL_HepG2_1_1.fastq.gz
neutral	RBP	hnRNPLL	HNRNPLL	shRNA RNA-seq	HepG2	HNRNPLL_HepG2	KO	1	1	2	ENCSR490DYI	ENCFF841CWK	https://www.encodeproject.org/files/ENCFF841CWK/@@download/ENCFF841CWK.fastq.gz	RBP_knockdown/HNRNPLL_HepG2	HNRNPLL_HepG2_1_2.fastq.gz
neutral	RBP	hnRNPLL	HNRNPLL	shRNA RNA-seq	HepG2	HNRNPLL_HepG2	KO	2	2	1	ENCSR490DYI	ENCFF026VNR	https://www.encodeproject.org/files/ENCFF026VNR/@@download/ENCFF026VNR.fastq.gz	RBP_knockdown/HNRNPLL_HepG2	HNRNPLL_HepG2_2_1.fastq.gz
neutral	RBP	hnRNPLL	HNRNPLL	shRNA RNA-seq	HepG2	HNRNPLL_HepG2	KO	2	2	2	ENCSR490DYI	ENCFF443IPN	https://www.encodeproject.org/files/ENCFF443IPN/@@download/ENCFF443IPN.fastq.gz	RBP_knockdown/HNRNPLL_HepG2	HNRNPLL_HepG2_2_2.fastq.gz
neutral	RBP	hnRNPLL	HNRNPLL	shRNA RNA-seq	HepG2	HNRNPLL_HepG2	control	1	1	1	ENCSR264TUE	ENCFF427IYE	https://www.encodeproject.org/files/ENCFF427IYE/@@download/ENCFF427IYE.fastq.gz	RBP_knockdown/HNRNPLL_HepG2	HNRNPLL_HepG2_control1_1.fastq.gz
neutral	RBP	hnRNPLL	HNRNPLL	shRNA RNA-seq	HepG2	HNRNPLL_HepG2	control	1	1	2	ENCSR264TUE	ENCFF554VFV	https://www.encodeproject.org/files/ENCFF554VFV/@@download/ENCFF554VFV.fastq.gz	RBP_knockdown/HNRNPLL_HepG2	HNRNPLL_HepG2_control1_2.fastq.gz
neutral	RBP	hnRNPLL	HNRNPLL	shRNA RNA-seq	HepG2	HNRNPLL_HepG2	control	2	2	1	ENCSR264TUE	ENCFF032JQZ	https://www.encodeproject.org/files/ENCFF032JQZ/@@download/ENCFF032JQZ.fastq.gz	RBP_knockdown/HNRNPLL_HepG2	HNRNPLL_HepG2_control2_1.fastq.gz
neutral	RBP	hnRNPLL	HNRNPLL	shRNA RNA-seq	HepG2	HNRNPLL_HepG2	control	2	2	2	ENCSR264TUE	ENCFF191JJU	https://www.encodeproject.org/files/ENCFF191JJU/@@download/ENCFF191JJU.fastq.gz	RBP_knockdown/HNRNPLL_HepG2	HNRNPLL_HepG2_control2_2.fastq.gz
