Class	Category	Original_ID	ENCODE_Target	Assay	Reason
positive	TF	ASCL2	ASCL2	shRNA RNA-seq, CRISPRi RNA-seq	No released shRNA RNA-seq, CRISPRi RNA-seq in HepG2/K562/GM12878
positive	TF	BHLHE40	BHLHE40	shRNA RNA-seq, CRISPRi RNA-seq	No released shRNA RNA-seq, CRISPRi RNA-seq in HepG2/K562/GM12878
positive	TF	CDC5L	CDC5L	shRNA RNA-seq, CRISPRi RNA-seq	No released shRNA RNA-seq, CRISPRi RNA-seq in HepG2/K562/GM12878
positive	TF	CEBPD	CEBPD	shRNA RNA-seq, CRISPRi RNA-seq	No released shRNA RNA-seq, CRISPRi RNA-seq in HepG2/K562/GM12878
positive	TF	CEBPE	CEBPE	shRNA RNA-seq, CRISPRi RNA-seq	No released shRNA RNA-seq, CRISPRi RNA-seq in HepG2/K562/GM12878
positive	TF	CEBPG	CEBPG	shRNA RNA-seq, CRISPRi RNA-seq	No released shRNA RNA-seq, CRISPRi RNA-seq in HepG2/K562/GM12878
positive	TF	CENPB	CENPB	shRNA RNA-seq, CRISPRi RNA-seq	No released shRNA RNA-seq, CRISPRi RNA-seq in HepG2/K562/GM12878
positive	TF	CLOCK	CLOCK	shRNA RNA-seq, CRISPRi RNA-seq	No released shRNA RNA-seq, CRISPRi RNA-seq in HepG2/K562/GM12878
positive	TF	CTCFL	CTCFL	shRNA RNA-seq, CRISPRi RNA-seq	No released shRNA RNA-seq, CRISPRi RNA-seq in HepG2/K562/GM12878
positive	TF	CXXC1	CXXC1	shRNA RNA-seq, CRISPRi RNA-seq	No released shRNA RNA-seq, CRISPRi RNA-seq in HepG2/K562/GM12878
positive	TF	DNMT1	DNMT1	shRNA RNA-seq, CRISPRi RNA-seq	No released shRNA RNA-seq, CRISPRi RNA-seq in HepG2/K562/GM12878
positive	TF	E2F1	E2F1	shRNA RNA-seq, CRISPRi RNA-seq	No released shRNA RNA-seq, CRISPRi RNA-seq in HepG2/K562/GM12878
positive	TF	E2F4	E2F4	shRNA RNA-seq, CRISPRi RNA-seq	No released shRNA RNA-seq, CRISPRi RNA-seq in HepG2/K562/GM12878
positive	TF	E2F5	E2F5	shRNA RNA-seq, CRISPRi RNA-seq	No released shRNA RNA-seq, CRISPRi RNA-seq in HepG2/K562/GM12878
positive	TF	E2F6	E2F6	shRNA RNA-seq, CRISPRi RNA-seq	No released shRNA RNA-seq, CRISPRi RNA-seq in HepG2/K562/GM12878
positive	TF	E2F8	E2F8	shRNA RNA-seq, CRISPRi RNA-seq	No released shRNA RNA-seq, CRISPRi RNA-seq in HepG2/K562/GM12878
positive	TF	EBF1	EBF1	shRNA RNA-seq, CRISPRi RNA-seq	No released shRNA RNA-seq, CRISPRi RNA-seq in HepG2/K562/GM12878
positive	TF	EGR2	EGR2	shRNA RNA-seq, CRISPRi RNA-seq	No released shRNA RNA-seq, CRISPRi RNA-seq in HepG2/K562/GM12878
positive	TF	EGR3	EGR3	shRNA RNA-seq, CRISPRi RNA-seq	No released shRNA RNA-seq, CRISPRi RNA-seq in HepG2/K562/GM12878
positive	TF	ELF1	ELF1	shRNA RNA-seq, CRISPRi RNA-seq	No released shRNA RNA-seq, CRISPRi RNA-seq in HepG2/K562/GM12878
positive	TF	ELF2	ELF2	shRNA RNA-seq, CRISPRi RNA-seq	No released shRNA RNA-seq, CRISPRi RNA-seq in HepG2/K562/GM12878
positive	TF	ELF5	ELF5	shRNA RNA-seq, CRISPRi RNA-seq	No released shRNA RNA-seq, CRISPRi RNA-seq in HepG2/K562/GM12878
positive	TF	ELK1	ELK1	shRNA RNA-seq, CRISPRi RNA-seq	No released shRNA RNA-seq, CRISPRi RNA-seq in HepG2/K562/GM12878
positive	TF	ELK3	ELK3	shRNA RNA-seq, CRISPRi RNA-seq	No released shRNA RNA-seq, CRISPRi RNA-seq in HepG2/K562/GM12878
positive	TF	ERG	ERG	shRNA RNA-seq, CRISPRi RNA-seq	No released shRNA RNA-seq, CRISPRi RNA-seq in HepG2/K562/GM12878
positive	TF	ESR1	ESR1	shRNA RNA-seq, CRISPRi RNA-seq	No released shRNA RNA-seq, CRISPRi RNA-seq in HepG2/K562/GM12878
positive	TF	ESRRB	ESRRB	shRNA RNA-seq, CRISPRi RNA-seq	No released shRNA RNA-seq, CRISPRi RNA-seq in HepG2/K562/GM12878
positive	TF	ETV1	ETV1	shRNA RNA-seq, CRISPRi RNA-seq	No released shRNA RNA-seq, CRISPRi RNA-seq in HepG2/K562/GM12878
positive	TF	ETV2	ETV2	shRNA RNA-seq, CRISPRi RNA-seq	No released shRNA RNA-seq, CRISPRi RNA-seq in HepG2/K562/GM12878
positive	TF	ETV3	ETV3	shRNA RNA-seq, CRISPRi RNA-seq	No released shRNA RNA-seq, CRISPRi RNA-seq in HepG2/K562/GM12878
positive	TF	ETV3L	ETV3L	shRNA RNA-seq, CRISPRi RNA-seq	No released shRNA RNA-seq, CRISPRi RNA-seq in HepG2/K562/GM12878
positive	TF	ETV4	ETV4	shRNA RNA-seq, CRISPRi RNA-seq	No released shRNA RNA-seq, CRISPRi RNA-seq in HepG2/K562/GM12878
positive	TF	ETV5	ETV5	shRNA RNA-seq, CRISPRi RNA-seq	No released shRNA RNA-seq, CRISPRi RNA-seq in HepG2/K562/GM12878
positive	TF	ETV6	ETV6	shRNA RNA-seq, CRISPRi RNA-seq	No released shRNA RNA-seq, CRISPRi RNA-seq in HepG2/K562/GM12878
positive	TF	FEV	FEV	shRNA RNA-seq, CRISPRi RNA-seq	No released shRNA RNA-seq, CRISPRi RNA-seq in HepG2/K562/GM12878
positive	TF	GABPA	GABPA	shRNA RNA-seq, CRISPRi RNA-seq	No released shRNA RNA-seq, CRISPRi RNA-seq in HepG2/K562/GM12878
positive	TF	GCM1	GCM1	shRNA RNA-seq, CRISPRi RNA-seq	No released shRNA RNA-seq, CRISPRi RNA-seq in HepG2/K562/GM12878
positive	TF	GLI2	GLI2	shRNA RNA-seq, CRISPRi RNA-seq	No released shRNA RNA-seq, CRISPRi RNA-seq in HepG2/K562/GM12878
positive	TF	GLI3	GLI3	shRNA RNA-seq, CRISPRi RNA-seq	No released shRNA RNA-seq, CRISPRi RNA-seq in HepG2/K562/GM12878
positive	TF	GLIS1	GLIS1	shRNA RNA-seq, CRISPRi RNA-seq	No released shRNA RNA-seq, CRISPRi RNA-seq in HepG2/K562/GM12878
positive	TF	HES1	HES1	shRNA RNA-seq, CRISPRi RNA-seq	No released shRNA RNA-seq, CRISPRi RNA-seq in HepG2/K562/GM12878
positive	TF	HES2	HES2	shRNA RNA-seq, CRISPRi RNA-seq	No released shRNA RNA-seq, CRISPRi RNA-seq in HepG2/K562/GM12878
positive	TF	HES4	HES4	shRNA RNA-seq, CRISPRi RNA-seq	No released shRNA RNA-seq, CRISPRi RNA-seq in HepG2/K562/GM12878
positive	TF	HES5	HES5	shRNA RNA-seq, CRISPRi RNA-seq	No released shRNA RNA-seq, CRISPRi RNA-seq in HepG2/K562/GM12878
positive	TF	HES7	HES7	shRNA RNA-seq, CRISPRi RNA-seq	No released shRNA RNA-seq, CRISPRi RNA-seq in HepG2/K562/GM12878
positive	TF	HEY1	HEY1	shRNA RNA-seq, CRISPRi RNA-seq	No released shRNA RNA-seq, CRISPRi RNA-seq in HepG2/K562/GM12878
positive	TF	HEY2	HEY2	shRNA RNA-seq, CRISPRi RNA-seq	No released shRNA RNA-seq, CRISPRi RNA-seq in HepG2/K562/GM12878
positive	TF	HEYL	HEYL	shRNA RNA-seq, CRISPRi RNA-seq	No released shRNA RNA-seq, CRISPRi RNA-seq in HepG2/K562/GM12878
positive	TF	HIC1	HIC1	shRNA RNA-seq, CRISPRi RNA-seq	No released shRNA RNA-seq, CRISPRi RNA-seq in HepG2/K562/GM12878
positive	TF	HIF1A	HIF1A	shRNA RNA-seq, CRISPRi RNA-seq	No released shRNA RNA-seq, CRISPRi RNA-seq in HepG2/K562/GM12878
positive	TF	INSM1	INSM1	shRNA RNA-seq, CRISPRi RNA-seq	No released shRNA RNA-seq, CRISPRi RNA-seq in HepG2/K562/GM12878
positive	TF	KLF1	KLF1	shRNA RNA-seq, CRISPRi RNA-seq	No released shRNA RNA-seq, CRISPRi RNA-seq in HepG2/K562/GM12878
positive	TF	KLF10	KLF10	shRNA RNA-seq, CRISPRi RNA-seq	No released shRNA RNA-seq, CRISPRi RNA-seq in HepG2/K562/GM12878
positive	TF	KLF11	KLF11	shRNA RNA-seq, CRISPRi RNA-seq	No released shRNA RNA-seq, CRISPRi RNA-seq in HepG2/K562/GM12878
positive	TF	KLF12	KLF12	shRNA RNA-seq, CRISPRi RNA-seq	No released shRNA RNA-seq, CRISPRi RNA-seq in HepG2/K562/GM12878
positive	TF	KLF13	KLF13	shRNA RNA-seq, CRISPRi RNA-seq	No released shRNA RNA-seq, CRISPRi RNA-seq in HepG2/K562/GM12878
positive	TF	KLF14	KLF14	shRNA RNA-seq, CRISPRi RNA-seq	No released shRNA RNA-seq, CRISPRi RNA-seq in HepG2/K562/GM12878
positive	TF	KLF15	KLF15	shRNA RNA-seq, CRISPRi RNA-seq	No released shRNA RNA-seq, CRISPRi RNA-seq in HepG2/K562/GM12878
positive	TF	KLF16	KLF16	shRNA RNA-seq, CRISPRi RNA-seq	No released shRNA RNA-seq, CRISPRi RNA-seq in HepG2/K562/GM12878
positive	TF	KLF17	KLF17	shRNA RNA-seq, CRISPRi RNA-seq	No released shRNA RNA-seq, CRISPRi RNA-seq in HepG2/K562/GM12878
positive	TF	KLF3	KLF3	shRNA RNA-seq, CRISPRi RNA-seq	No released shRNA RNA-seq, CRISPRi RNA-seq in HepG2/K562/GM12878
positive	TF	KLF5	KLF5	shRNA RNA-seq, CRISPRi RNA-seq	No released shRNA RNA-seq, CRISPRi RNA-seq in HepG2/K562/GM12878
positive	TF	KLF6	KLF6	shRNA RNA-seq, CRISPRi RNA-seq	No released shRNA RNA-seq, CRISPRi RNA-seq in HepG2/K562/GM12878
positive	TF	KLF7	KLF7	shRNA RNA-seq, CRISPRi RNA-seq	No released shRNA RNA-seq, CRISPRi RNA-seq in HepG2/K562/GM12878
positive	TF	KLF8	KLF8	shRNA RNA-seq, CRISPRi RNA-seq	No released shRNA RNA-seq, CRISPRi RNA-seq in HepG2/K562/GM12878
positive	TF	KLF9	KLF9	shRNA RNA-seq, CRISPRi RNA-seq	No released shRNA RNA-seq, CRISPRi RNA-seq in HepG2/K562/GM12878
positive	TF	KMT2A	KMT2A	shRNA RNA-seq, CRISPRi RNA-seq	No released shRNA RNA-seq, CRISPRi RNA-seq in HepG2/K562/GM12878
positive	TF	MAFF	MAFF	shRNA RNA-seq, CRISPRi RNA-seq	No released shRNA RNA-seq, CRISPRi RNA-seq in HepG2/K562/GM12878
positive	TF	MAFK	MAFK	shRNA RNA-seq, CRISPRi RNA-seq	No released shRNA RNA-seq, CRISPRi RNA-seq in HepG2/K562/GM12878
positive	TF	MAZ	MAZ	shRNA RNA-seq, CRISPRi RNA-seq	No released shRNA RNA-seq, CRISPRi RNA-seq in HepG2/K562/GM12878
positive	TF	MBNL2	MBNL2	shRNA RNA-seq, CRISPRi RNA-seq	No released shRNA RNA-seq, CRISPRi RNA-seq in HepG2/K562/GM12878
positive	TF	MNT	MNT	shRNA RNA-seq, CRISPRi RNA-seq	No released shRNA RNA-seq, CRISPRi RNA-seq in HepG2/K562/GM12878
positive	TF	MSANTD3	MSANTD3	shRNA RNA-seq, CRISPRi RNA-seq	No released shRNA RNA-seq, CRISPRi RNA-seq in HepG2/K562/GM12878
positive	TF	MTF2	MTF2	shRNA RNA-seq, CRISPRi RNA-seq	No released shRNA RNA-seq, CRISPRi RNA-seq in HepG2/K562/GM12878
positive	TF	MYBL2	MYBL2	shRNA RNA-seq, CRISPRi RNA-seq	No released shRNA RNA-seq, CRISPRi RNA-seq in HepG2/K562/GM12878
positive	TF	MYF6	MYF6	shRNA RNA-seq, CRISPRi RNA-seq	No released shRNA RNA-seq, CRISPRi RNA-seq in HepG2/K562/GM12878
positive	TF	MYOD1	MYOD1	shRNA RNA-seq, CRISPRi RNA-seq	No released shRNA RNA-seq, CRISPRi RNA-seq in HepG2/K562/GM12878
positive	TF	MYOG	MYOG	shRNA RNA-seq, CRISPRi RNA-seq	No released shRNA RNA-seq, CRISPRi RNA-seq in HepG2/K562/GM12878
positive	TF	NEUROD2	NEUROD2	shRNA RNA-seq, CRISPRi RNA-seq	No released shRNA RNA-seq, CRISPRi RNA-seq in HepG2/K562/GM12878
positive	TF	NEUROG1	NEUROG1	shRNA RNA-seq, CRISPRi RNA-seq	No released shRNA RNA-seq, CRISPRi RNA-seq in HepG2/K562/GM12878
positive	TF	NEUROG2	NEUROG2	shRNA RNA-seq, CRISPRi RNA-seq	No released shRNA RNA-seq, CRISPRi RNA-seq in HepG2/K562/GM12878
positive	TF	NEUROG3	NEUROG3	shRNA RNA-seq, CRISPRi RNA-seq	No released shRNA RNA-seq, CRISPRi RNA-seq in HepG2/K562/GM12878
positive	TF	NHLH1	NHLH1	shRNA RNA-seq, CRISPRi RNA-seq	No released shRNA RNA-seq, CRISPRi RNA-seq in HepG2/K562/GM12878
positive	TF	NPAS2	NPAS2	shRNA RNA-seq, CRISPRi RNA-seq	No released shRNA RNA-seq, CRISPRi RNA-seq in HepG2/K562/GM12878
positive	TF	NR5A1	NR5A1	shRNA RNA-seq, CRISPRi RNA-seq	No released shRNA RNA-seq, CRISPRi RNA-seq in HepG2/K562/GM12878
positive	TF	PATZ1	PATZ1	shRNA RNA-seq, CRISPRi RNA-seq	No released shRNA RNA-seq, CRISPRi RNA-seq in HepG2/K562/GM12878
positive	TF	PAX4	PAX4	shRNA RNA-seq, CRISPRi RNA-seq	No released shRNA RNA-seq, CRISPRi RNA-seq in HepG2/K562/GM12878
positive	TF	PAX6	PAX6	shRNA RNA-seq, CRISPRi RNA-seq	No released shRNA RNA-seq, CRISPRi RNA-seq in HepG2/K562/GM12878
positive	TF	PBX3	PBX3	shRNA RNA-seq, CRISPRi RNA-seq	No released shRNA RNA-seq, CRISPRi RNA-seq in HepG2/K562/GM12878
positive	TF	PTF1A	PTF1A	shRNA RNA-seq, CRISPRi RNA-seq	No released shRNA RNA-seq, CRISPRi RNA-seq in HepG2/K562/GM12878
positive	TF	RBAK	RBAK	shRNA RNA-seq, CRISPRi RNA-seq	No released shRNA RNA-seq, CRISPRi RNA-seq in HepG2/K562/GM12878
positive	TF	RORC	RORC	shRNA RNA-seq, CRISPRi RNA-seq	No released shRNA RNA-seq, CRISPRi RNA-seq in HepG2/K562/GM12878
positive	TF	SIX3	SIX3	shRNA RNA-seq, CRISPRi RNA-seq	No released shRNA RNA-seq, CRISPRi RNA-seq in HepG2/K562/GM12878
positive	TF	SMAD3	SMAD3	shRNA RNA-seq, CRISPRi RNA-seq	No released shRNA RNA-seq, CRISPRi RNA-seq in HepG2/K562/GM12878
positive	TF	SMAD9	SMAD9	shRNA RNA-seq, CRISPRi RNA-seq	No released shRNA RNA-seq, CRISPRi RNA-seq in HepG2/K562/GM12878
positive	TF	SP3	SP3	shRNA RNA-seq, CRISPRi RNA-seq	No released shRNA RNA-seq, CRISPRi RNA-seq in HepG2/K562/GM12878
positive	TF	SP4	SP4	shRNA RNA-seq, CRISPRi RNA-seq	No released shRNA RNA-seq, CRISPRi RNA-seq in HepG2/K562/GM12878
positive	TF	SP5	SP5	shRNA RNA-seq, CRISPRi RNA-seq	No released shRNA RNA-seq, CRISPRi RNA-seq in HepG2/K562/GM12878
positive	TF	SP7	SP7	shRNA RNA-seq, CRISPRi RNA-seq	No released shRNA RNA-seq, CRISPRi RNA-seq in HepG2/K562/GM12878
positive	TF	SP8	SP8	shRNA RNA-seq, CRISPRi RNA-seq	No released shRNA RNA-seq, CRISPRi RNA-seq in HepG2/K562/GM12878
positive	TF	SP9	SP9	shRNA RNA-seq, CRISPRi RNA-seq	No released shRNA RNA-seq, CRISPRi RNA-seq in HepG2/K562/GM12878
positive	TF	TCFL5	TCFL5	shRNA RNA-seq, CRISPRi RNA-seq	No released shRNA RNA-seq, CRISPRi RNA-seq in HepG2/K562/GM12878
positive	TF	TET1	TET1	shRNA RNA-seq, CRISPRi RNA-seq	No released shRNA RNA-seq, CRISPRi RNA-seq in HepG2/K562/GM12878
positive	TF	TFAP2B	TFAP2B	shRNA RNA-seq, CRISPRi RNA-seq	No released shRNA RNA-seq, CRISPRi RNA-seq in HepG2/K562/GM12878
positive	TF	TFAP2C	TFAP2C	shRNA RNA-seq, CRISPRi RNA-seq	No released shRNA RNA-seq, CRISPRi RNA-seq in HepG2/K562/GM12878
positive	TF	TFAP2D	TFAP2D	shRNA RNA-seq, CRISPRi RNA-seq	No released shRNA RNA-seq, CRISPRi RNA-seq in HepG2/K562/GM12878
positive	TF	TFAP2E	TFAP2E	shRNA RNA-seq, CRISPRi RNA-seq	No released shRNA RNA-seq, CRISPRi RNA-seq in HepG2/K562/GM12878
positive	TF	TWIST2	TWIST2	shRNA RNA-seq, CRISPRi RNA-seq	No released shRNA RNA-seq, CRISPRi RNA-seq in HepG2/K562/GM12878
positive	TF	VEZF1	VEZF1	shRNA RNA-seq, CRISPRi RNA-seq	No released shRNA RNA-seq, CRISPRi RNA-seq in HepG2/K562/GM12878
positive	TF	WT1	WT1	shRNA RNA-seq, CRISPRi RNA-seq	No released shRNA RNA-seq, CRISPRi RNA-seq in HepG2/K562/GM12878
positive	TF	ZBTB14	ZBTB14	shRNA RNA-seq, CRISPRi RNA-seq	No released shRNA RNA-seq, CRISPRi RNA-seq in HepG2/K562/GM12878
positive	TF	ZBTB44	ZBTB44	shRNA RNA-seq, CRISPRi RNA-seq	No released shRNA RNA-seq, CRISPRi RNA-seq in HepG2/K562/GM12878
positive	TF	ZBTB7A	ZBTB7A	shRNA RNA-seq, CRISPRi RNA-seq	No released shRNA RNA-seq, CRISPRi RNA-seq in HepG2/K562/GM12878
positive	TF	ZFP3	ZFP3	shRNA RNA-seq, CRISPRi RNA-seq	No released shRNA RNA-seq, CRISPRi RNA-seq in HepG2/K562/GM12878
positive	TF	ZFP64	ZFP64	shRNA RNA-seq, CRISPRi RNA-seq	No released shRNA RNA-seq, CRISPRi RNA-seq in HepG2/K562/GM12878
positive	TF	ZFX	ZFX	shRNA RNA-seq, CRISPRi RNA-seq	No released shRNA RNA-seq, CRISPRi RNA-seq in HepG2/K562/GM12878
positive	TF	ZKSCAN5	ZKSCAN5	shRNA RNA-seq, CRISPRi RNA-seq	No released shRNA RNA-seq, CRISPRi RNA-seq in HepG2/K562/GM12878
positive	TF	ZNF100	ZNF100	shRNA RNA-seq, CRISPRi RNA-seq	No released shRNA RNA-seq, CRISPRi RNA-seq in HepG2/K562/GM12878
positive	TF	ZNF132	ZNF132	shRNA RNA-seq, CRISPRi RNA-seq	No released shRNA RNA-seq, CRISPRi RNA-seq in HepG2/K562/GM12878
positive	TF	ZNF16	ZNF16	shRNA RNA-seq, CRISPRi RNA-seq	No released shRNA RNA-seq, CRISPRi RNA-seq in HepG2/K562/GM12878
positive	TF	ZNF2	ZNF2	shRNA RNA-seq, CRISPRi RNA-seq	No released shRNA RNA-seq, CRISPRi RNA-seq in HepG2/K562/GM12878
positive	TF	ZNF213	ZNF213	shRNA RNA-seq, CRISPRi RNA-seq	No released shRNA RNA-seq, CRISPRi RNA-seq in HepG2/K562/GM12878
positive	TF	ZNF263	ZNF263	shRNA RNA-seq, CRISPRi RNA-seq	No released shRNA RNA-seq, CRISPRi RNA-seq in HepG2/K562/GM12878
positive	TF	ZNF281	ZNF281	shRNA RNA-seq, CRISPRi RNA-seq	No released shRNA RNA-seq, CRISPRi RNA-seq in HepG2/K562/GM12878
positive	TF	ZNF30	ZNF30	shRNA RNA-seq, CRISPRi RNA-seq	No released shRNA RNA-seq, CRISPRi RNA-seq in HepG2/K562/GM12878
positive	TF	ZNF343	ZNF343	shRNA RNA-seq, CRISPRi RNA-seq	No released shRNA RNA-seq, CRISPRi RNA-seq in HepG2/K562/GM12878
positive	TF	ZNF385D	ZNF385D	shRNA RNA-seq, CRISPRi RNA-seq	No released shRNA RNA-seq, CRISPRi RNA-seq in HepG2/K562/GM12878
positive	TF	ZNF398	ZNF398	shRNA RNA-seq, CRISPRi RNA-seq	No released shRNA RNA-seq, CRISPRi RNA-seq in HepG2/K562/GM12878
positive	TF	ZNF410	ZNF410	shRNA RNA-seq, CRISPRi RNA-seq	No released shRNA RNA-seq, CRISPRi RNA-seq in HepG2/K562/GM12878
positive	TF	ZNF441	ZNF441	shRNA RNA-seq, CRISPRi RNA-seq	No released shRNA RNA-seq, CRISPRi RNA-seq in HepG2/K562/GM12878
positive	TF	ZNF460	ZNF460	shRNA RNA-seq, CRISPRi RNA-seq	No released shRNA RNA-seq, CRISPRi RNA-seq in HepG2/K562/GM12878
positive	TF	ZNF468	ZNF468	shRNA RNA-seq, CRISPRi RNA-seq	No released shRNA RNA-seq, CRISPRi RNA-seq in HepG2/K562/GM12878
positive	TF	ZNF483	ZNF483	shRNA RNA-seq, CRISPRi RNA-seq	No released shRNA RNA-seq, CRISPRi RNA-seq in HepG2/K562/GM12878
positive	TF	ZNF486	ZNF486	shRNA RNA-seq, CRISPRi RNA-seq	No released shRNA RNA-seq, CRISPRi RNA-seq in HepG2/K562/GM12878
positive	TF	ZNF501	ZNF501	shRNA RNA-seq, CRISPRi RNA-seq	No released shRNA RNA-seq, CRISPRi RNA-seq in HepG2/K562/GM12878
positive	TF	ZNF519	ZNF519	shRNA RNA-seq, CRISPRi RNA-seq	No released shRNA RNA-seq, CRISPRi RNA-seq in HepG2/K562/GM12878
positive	TF	ZNF524	ZNF524	shRNA RNA-seq, CRISPRi RNA-seq	No released shRNA RNA-seq, CRISPRi RNA-seq in HepG2/K562/GM12878
positive	TF	ZNF543	ZNF543	shRNA RNA-seq, CRISPRi RNA-seq	No released shRNA RNA-seq, CRISPRi RNA-seq in HepG2/K562/GM12878
positive	TF	ZNF571	ZNF571	shRNA RNA-seq, CRISPRi RNA-seq	No released shRNA RNA-seq, CRISPRi RNA-seq in HepG2/K562/GM12878
positive	TF	ZNF596	ZNF596	shRNA RNA-seq, CRISPRi RNA-seq	No released shRNA RNA-seq, CRISPRi RNA-seq in HepG2/K562/GM12878
positive	TF	ZNF610	ZNF610	shRNA RNA-seq, CRISPRi RNA-seq	No released shRNA RNA-seq, CRISPRi RNA-seq in HepG2/K562/GM12878
positive	TF	ZNF692	ZNF692	shRNA RNA-seq, CRISPRi RNA-seq	No released shRNA RNA-seq, CRISPRi RNA-seq in HepG2/K562/GM12878
positive	TF	ZNF704	ZNF704	shRNA RNA-seq, CRISPRi RNA-seq	No released shRNA RNA-seq, CRISPRi RNA-seq in HepG2/K562/GM12878
positive	TF	ZNF740	ZNF740	shRNA RNA-seq, CRISPRi RNA-seq	No released shRNA RNA-seq, CRISPRi RNA-seq in HepG2/K562/GM12878
positive	TF	ZNF777	ZNF777	shRNA RNA-seq, CRISPRi RNA-seq	No released shRNA RNA-seq, CRISPRi RNA-seq in HepG2/K562/GM12878
positive	TF	ZNF778	ZNF778	shRNA RNA-seq, CRISPRi RNA-seq	No released shRNA RNA-seq, CRISPRi RNA-seq in HepG2/K562/GM12878
positive	TF	ZNF783	ZNF783	shRNA RNA-seq, CRISPRi RNA-seq	No released shRNA RNA-seq, CRISPRi RNA-seq in HepG2/K562/GM12878
positive	TF	ZNF860	ZNF860	shRNA RNA-seq, CRISPRi RNA-seq	No released shRNA RNA-seq, CRISPRi RNA-seq in HepG2/K562/GM12878
positive	TF	ZSCAN22	ZSCAN22	shRNA RNA-seq, CRISPRi RNA-seq	No released shRNA RNA-seq, CRISPRi RNA-seq in HepG2/K562/GM12878
positive	TF	ZSCAN30	ZSCAN30	shRNA RNA-seq, CRISPRi RNA-seq	No released shRNA RNA-seq, CRISPRi RNA-seq in HepG2/K562/GM12878
negative	TF	ARID5A	ARID5A	shRNA RNA-seq, CRISPRi RNA-seq	No released shRNA RNA-seq, CRISPRi RNA-seq in HepG2/K562/GM12878
negative	TF	ARX	ARX	shRNA RNA-seq, CRISPRi RNA-seq	No released shRNA RNA-seq, CRISPRi RNA-seq in HepG2/K562/GM12878
negative	TF	BARX2	BARX2	shRNA RNA-seq, CRISPRi RNA-seq	No released shRNA RNA-seq, CRISPRi RNA-seq in HepG2/K562/GM12878
negative	TF	BBX	BBX	shRNA RNA-seq, CRISPRi RNA-seq	No released shRNA RNA-seq, CRISPRi RNA-seq in HepG2/K562/GM12878
negative	TF	BCL6	BCL6	shRNA RNA-seq, CRISPRi RNA-seq	No released shRNA RNA-seq, CRISPRi RNA-seq in HepG2/K562/GM12878
negative	TF	BORCS8-MEF2B	MEF2B	shRNA RNA-seq, CRISPRi RNA-seq	No released shRNA RNA-seq, CRISPRi RNA-seq in HepG2/K562/GM12878
negative	TF	CEBPA	CEBPA	shRNA RNA-seq, CRISPRi RNA-seq	No released shRNA RNA-seq, CRISPRi RNA-seq in HepG2/K562/GM12878
negative	TF	CEBPB	CEBPB	shRNA RNA-seq, CRISPRi RNA-seq	No released shRNA RNA-seq, CRISPRi RNA-seq in HepG2/K562/GM12878
negative	TF	CENPBD1	CENPBD1	shRNA RNA-seq, CRISPRi RNA-seq	No released shRNA RNA-seq, CRISPRi RNA-seq in HepG2/K562/GM12878
negative	TF	CPEB1	CPEB1	shRNA RNA-seq, CRISPRi RNA-seq	No released shRNA RNA-seq, CRISPRi RNA-seq in HepG2/K562/GM12878
negative	TF	CREBZF	CREBZF	shRNA RNA-seq, CRISPRi RNA-seq	No released shRNA RNA-seq, CRISPRi RNA-seq in HepG2/K562/GM12878
negative	TF	CUX2	CUX2	shRNA RNA-seq, CRISPRi RNA-seq	No released shRNA RNA-seq, CRISPRi RNA-seq in HepG2/K562/GM12878
negative	TF	DBP	DBP	shRNA RNA-seq, CRISPRi RNA-seq	No released shRNA RNA-seq, CRISPRi RNA-seq in HepG2/K562/GM12878
negative	TF	DBX2	DBX2	shRNA RNA-seq, CRISPRi RNA-seq	No released shRNA RNA-seq, CRISPRi RNA-seq in HepG2/K562/GM12878
negative	TF	DLX2	DLX2	shRNA RNA-seq, CRISPRi RNA-seq	No released shRNA RNA-seq, CRISPRi RNA-seq in HepG2/K562/GM12878
negative	TF	DLX4	DLX4	shRNA RNA-seq, CRISPRi RNA-seq	No released shRNA RNA-seq, CRISPRi RNA-seq in HepG2/K562/GM12878
negative	TF	DLX5	DLX5	shRNA RNA-seq, CRISPRi RNA-seq	No released shRNA RNA-seq, CRISPRi RNA-seq in HepG2/K562/GM12878
negative	TF	DMRT1	DMRT1	shRNA RNA-seq, CRISPRi RNA-seq	No released shRNA RNA-seq, CRISPRi RNA-seq in HepG2/K562/GM12878
negative	TF	DMRT2	DMRT2	shRNA RNA-seq, CRISPRi RNA-seq	No released shRNA RNA-seq, CRISPRi RNA-seq in HepG2/K562/GM12878
negative	TF	DMRTA2	DMRTA2	shRNA RNA-seq, CRISPRi RNA-seq	No released shRNA RNA-seq, CRISPRi RNA-seq in HepG2/K562/GM12878
negative	TF	DUX4	DUX4	shRNA RNA-seq, CRISPRi RNA-seq	No released shRNA RNA-seq, CRISPRi RNA-seq in HepG2/K562/GM12878
negative	TF	DUXA	DUXA	shRNA RNA-seq, CRISPRi RNA-seq	No released shRNA RNA-seq, CRISPRi RNA-seq in HepG2/K562/GM12878
negative	TF	EN1	EN1	shRNA RNA-seq, CRISPRi RNA-seq	No released shRNA RNA-seq, CRISPRi RNA-seq in HepG2/K562/GM12878
negative	TF	ESX1	ESX1	shRNA RNA-seq, CRISPRi RNA-seq	No released shRNA RNA-seq, CRISPRi RNA-seq in HepG2/K562/GM12878
negative	TF	FOXA2	FOXA2	shRNA RNA-seq, CRISPRi RNA-seq	No released shRNA RNA-seq, CRISPRi RNA-seq in HepG2/K562/GM12878
negative	TF	FOXC1	FOXC1	shRNA RNA-seq, CRISPRi RNA-seq	No released shRNA RNA-seq, CRISPRi RNA-seq in HepG2/K562/GM12878
negative	TF	FOXC2	FOXC2	shRNA RNA-seq, CRISPRi RNA-seq	No released shRNA RNA-seq, CRISPRi RNA-seq in HepG2/K562/GM12878
negative	TF	FOXD2	FOXD2	shRNA RNA-seq, CRISPRi RNA-seq	No released shRNA RNA-seq, CRISPRi RNA-seq in HepG2/K562/GM12878
negative	TF	FOXF2	FOXF2	shRNA RNA-seq, CRISPRi RNA-seq	No released shRNA RNA-seq, CRISPRi RNA-seq in HepG2/K562/GM12878
negative	TF	FOXG1	FOXG1	shRNA RNA-seq, CRISPRi RNA-seq	No released shRNA RNA-seq, CRISPRi RNA-seq in HepG2/K562/GM12878
negative	TF	FOXH1	FOXH1	shRNA RNA-seq, CRISPRi RNA-seq	No released shRNA RNA-seq, CRISPRi RNA-seq in HepG2/K562/GM12878
negative	TF	FOXJ1	FOXJ1	shRNA RNA-seq, CRISPRi RNA-seq	No released shRNA RNA-seq, CRISPRi RNA-seq in HepG2/K562/GM12878
negative	TF	FOXJ2	FOXJ2	shRNA RNA-seq, CRISPRi RNA-seq	No released shRNA RNA-seq, CRISPRi RNA-seq in HepG2/K562/GM12878
negative	TF	FOXL2	FOXL2	shRNA RNA-seq, CRISPRi RNA-seq	No released shRNA RNA-seq, CRISPRi RNA-seq in HepG2/K562/GM12878
negative	TF	FOXN3	FOXN3	shRNA RNA-seq, CRISPRi RNA-seq	No released shRNA RNA-seq, CRISPRi RNA-seq in HepG2/K562/GM12878
negative	TF	FOXO1	FOXO1	shRNA RNA-seq, CRISPRi RNA-seq	No released shRNA RNA-seq, CRISPRi RNA-seq in HepG2/K562/GM12878
negative	TF	FOXP1	FOXP1	shRNA RNA-seq, CRISPRi RNA-seq	No released shRNA RNA-seq, CRISPRi RNA-seq in HepG2/K562/GM12878
negative	TF	FOXQ1	FOXQ1	shRNA RNA-seq, CRISPRi RNA-seq	No released shRNA RNA-seq, CRISPRi RNA-seq in HepG2/K562/GM12878
negative	TF	GBX1	GBX1	shRNA RNA-seq, CRISPRi RNA-seq	No released shRNA RNA-seq, CRISPRi RNA-seq in HepG2/K562/GM12878
negative	TF	GBX2	GBX2	shRNA RNA-seq, CRISPRi RNA-seq	No released shRNA RNA-seq, CRISPRi RNA-seq in HepG2/K562/GM12878
negative	TF	GSX2	GSX2	shRNA RNA-seq, CRISPRi RNA-seq	No released shRNA RNA-seq, CRISPRi RNA-seq in HepG2/K562/GM12878
negative	TF	HESX1	HESX1	shRNA RNA-seq, CRISPRi RNA-seq	No released shRNA RNA-seq, CRISPRi RNA-seq in HepG2/K562/GM12878
negative	TF	HLF	HLF	shRNA RNA-seq, CRISPRi RNA-seq	No released shRNA RNA-seq, CRISPRi RNA-seq in HepG2/K562/GM12878
negative	TF	HMG20B	HMG20B	shRNA RNA-seq, CRISPRi RNA-seq	No released shRNA RNA-seq, CRISPRi RNA-seq in HepG2/K562/GM12878
negative	TF	HMX1	HMX1	shRNA RNA-seq, CRISPRi RNA-seq	No released shRNA RNA-seq, CRISPRi RNA-seq in HepG2/K562/GM12878
negative	TF	HMX3	HMX3	shRNA RNA-seq, CRISPRi RNA-seq	No released shRNA RNA-seq, CRISPRi RNA-seq in HepG2/K562/GM12878
negative	TF	HNF1B	HNF1B	shRNA RNA-seq, CRISPRi RNA-seq	No released shRNA RNA-seq, CRISPRi RNA-seq in HepG2/K562/GM12878
negative	TF	HOXA2	HOXA2	shRNA RNA-seq, CRISPRi RNA-seq	No released shRNA RNA-seq, CRISPRi RNA-seq in HepG2/K562/GM12878
negative	TF	HOXA4	HOXA4	shRNA RNA-seq, CRISPRi RNA-seq	No released shRNA RNA-seq, CRISPRi RNA-seq in HepG2/K562/GM12878
negative	TF	HOXA5	HOXA5	shRNA RNA-seq, CRISPRi RNA-seq	No released shRNA RNA-seq, CRISPRi RNA-seq in HepG2/K562/GM12878
negative	TF	HOXA6	HOXA6	shRNA RNA-seq, CRISPRi RNA-seq	No released shRNA RNA-seq, CRISPRi RNA-seq in HepG2/K562/GM12878
negative	TF	HOXA7	HOXA7	shRNA RNA-seq, CRISPRi RNA-seq	No released shRNA RNA-seq, CRISPRi RNA-seq in HepG2/K562/GM12878
negative	TF	HOXB13	HOXB13	shRNA RNA-seq, CRISPRi RNA-seq	No released shRNA RNA-seq, CRISPRi RNA-seq in HepG2/K562/GM12878
negative	TF	HOXB3	HOXB3	shRNA RNA-seq, CRISPRi RNA-seq	No released shRNA RNA-seq, CRISPRi RNA-seq in HepG2/K562/GM12878
negative	TF	HOXB5	HOXB5	shRNA RNA-seq, CRISPRi RNA-seq	No released shRNA RNA-seq, CRISPRi RNA-seq in HepG2/K562/GM12878
negative	TF	HOXB8	HOXB8	shRNA RNA-seq, CRISPRi RNA-seq	No released shRNA RNA-seq, CRISPRi RNA-seq in HepG2/K562/GM12878
negative	TF	HOXC13	HOXC13	shRNA RNA-seq, CRISPRi RNA-seq	No released shRNA RNA-seq, CRISPRi RNA-seq in HepG2/K562/GM12878
negative	TF	HOXC4	HOXC4	shRNA RNA-seq, CRISPRi RNA-seq	No released shRNA RNA-seq, CRISPRi RNA-seq in HepG2/K562/GM12878
negative	TF	HOXC9	HOXC9	shRNA RNA-seq, CRISPRi RNA-seq	No released shRNA RNA-seq, CRISPRi RNA-seq in HepG2/K562/GM12878
negative	TF	HOXD13	HOXD13	shRNA RNA-seq, CRISPRi RNA-seq	No released shRNA RNA-seq, CRISPRi RNA-seq in HepG2/K562/GM12878
negative	TF	HOXD4	HOXD4	shRNA RNA-seq, CRISPRi RNA-seq	No released shRNA RNA-seq, CRISPRi RNA-seq in HepG2/K562/GM12878
negative	TF	HOXD8	HOXD8	shRNA RNA-seq, CRISPRi RNA-seq	No released shRNA RNA-seq, CRISPRi RNA-seq in HepG2/K562/GM12878
negative	TF	HOXD9	HOXD9	shRNA RNA-seq, CRISPRi RNA-seq	No released shRNA RNA-seq, CRISPRi RNA-seq in HepG2/K562/GM12878
negative	TF	HSF4	HSF4	shRNA RNA-seq, CRISPRi RNA-seq	No released shRNA RNA-seq, CRISPRi RNA-seq in HepG2/K562/GM12878
negative	TF	IRX2	IRX2	shRNA RNA-seq, CRISPRi RNA-seq	No released shRNA RNA-seq, CRISPRi RNA-seq in HepG2/K562/GM12878
negative	TF	IRX5	IRX5	shRNA RNA-seq, CRISPRi RNA-seq	No released shRNA RNA-seq, CRISPRi RNA-seq in HepG2/K562/GM12878
negative	TF	ISL1	ISL1	shRNA RNA-seq, CRISPRi RNA-seq	No released shRNA RNA-seq, CRISPRi RNA-seq in HepG2/K562/GM12878
negative	TF	ISL2	ISL2	shRNA RNA-seq, CRISPRi RNA-seq	No released shRNA RNA-seq, CRISPRi RNA-seq in HepG2/K562/GM12878
negative	TF	LBX2	LBX2	shRNA RNA-seq, CRISPRi RNA-seq	No released shRNA RNA-seq, CRISPRi RNA-seq in HepG2/K562/GM12878
negative	TF	LHX1	LHX1	shRNA RNA-seq, CRISPRi RNA-seq	No released shRNA RNA-seq, CRISPRi RNA-seq in HepG2/K562/GM12878
negative	TF	LHX9	LHX9	shRNA RNA-seq, CRISPRi RNA-seq	No released shRNA RNA-seq, CRISPRi RNA-seq in HepG2/K562/GM12878
negative	TF	MECOM	MECOM	shRNA RNA-seq, CRISPRi RNA-seq	No released shRNA RNA-seq, CRISPRi RNA-seq in HepG2/K562/GM12878
negative	TF	MEF2A	MEF2A	shRNA RNA-seq, CRISPRi RNA-seq	No released shRNA RNA-seq, CRISPRi RNA-seq in HepG2/K562/GM12878
negative	TF	MEF2C	MEF2C	shRNA RNA-seq, CRISPRi RNA-seq	No released shRNA RNA-seq, CRISPRi RNA-seq in HepG2/K562/GM12878
negative	TF	MEF2D	MEF2D	shRNA RNA-seq, CRISPRi RNA-seq	No released shRNA RNA-seq, CRISPRi RNA-seq in HepG2/K562/GM12878
negative	TF	MEOX1	MEOX1	shRNA RNA-seq, CRISPRi RNA-seq	No released shRNA RNA-seq, CRISPRi RNA-seq in HepG2/K562/GM12878
negative	TF	MEOX2	MEOX2	shRNA RNA-seq, CRISPRi RNA-seq	No released shRNA RNA-seq, CRISPRi RNA-seq in HepG2/K562/GM12878
negative	TF	MNX1	MNX1	shRNA RNA-seq, CRISPRi RNA-seq	No released shRNA RNA-seq, CRISPRi RNA-seq in HepG2/K562/GM12878
negative	TF	MSX1	MSX1	shRNA RNA-seq, CRISPRi RNA-seq	No released shRNA RNA-seq, CRISPRi RNA-seq in HepG2/K562/GM12878
negative	TF	MSX2	MSX2	shRNA RNA-seq, CRISPRi RNA-seq	No released shRNA RNA-seq, CRISPRi RNA-seq in HepG2/K562/GM12878
negative	TF	MYNN	MYNN	shRNA RNA-seq, CRISPRi RNA-seq	No released shRNA RNA-seq, CRISPRi RNA-seq in HepG2/K562/GM12878
negative	TF	MYT1L	MYT1L	shRNA RNA-seq, CRISPRi RNA-seq	No released shRNA RNA-seq, CRISPRi RNA-seq in HepG2/K562/GM12878
negative	TF	MZF1	MZF1	shRNA RNA-seq, CRISPRi RNA-seq	No released shRNA RNA-seq, CRISPRi RNA-seq in HepG2/K562/GM12878
negative	TF	NFAT5	NFAT5	shRNA RNA-seq, CRISPRi RNA-seq	No released shRNA RNA-seq, CRISPRi RNA-seq in HepG2/K562/GM12878
negative	TF	NFATC3	NFATC3	shRNA RNA-seq, CRISPRi RNA-seq	No released shRNA RNA-seq, CRISPRi RNA-seq in HepG2/K562/GM12878
negative	TF	NFATC4	NFATC4	shRNA RNA-seq, CRISPRi RNA-seq	No released shRNA RNA-seq, CRISPRi RNA-seq in HepG2/K562/GM12878
negative	TF	NFIL3	NFIL3	shRNA RNA-seq, CRISPRi RNA-seq	No released shRNA RNA-seq, CRISPRi RNA-seq in HepG2/K562/GM12878
negative	TF	NKX1-1	NKX1-1	shRNA RNA-seq, CRISPRi RNA-seq	No released shRNA RNA-seq, CRISPRi RNA-seq in HepG2/K562/GM12878
negative	TF	NOTO	NOTO	shRNA RNA-seq, CRISPRi RNA-seq	No released shRNA RNA-seq, CRISPRi RNA-seq in HepG2/K562/GM12878
negative	TF	OTP	OTP	shRNA RNA-seq, CRISPRi RNA-seq	No released shRNA RNA-seq, CRISPRi RNA-seq in HepG2/K562/GM12878
negative	TF	PAX3	PAX3	shRNA RNA-seq, CRISPRi RNA-seq	No released shRNA RNA-seq, CRISPRi RNA-seq in HepG2/K562/GM12878
negative	TF	POU2F2	POU2F2	shRNA RNA-seq, CRISPRi RNA-seq	No released shRNA RNA-seq, CRISPRi RNA-seq in HepG2/K562/GM12878
negative	TF	POU2F3	POU2F3	shRNA RNA-seq, CRISPRi RNA-seq	No released shRNA RNA-seq, CRISPRi RNA-seq in HepG2/K562/GM12878
negative	TF	POU3F2	POU3F2	shRNA RNA-seq, CRISPRi RNA-seq	No released shRNA RNA-seq, CRISPRi RNA-seq in HepG2/K562/GM12878
negative	TF	POU3F4	POU3F4	shRNA RNA-seq, CRISPRi RNA-seq	No released shRNA RNA-seq, CRISPRi RNA-seq in HepG2/K562/GM12878
negative	TF	POU4F1	POU4F1	shRNA RNA-seq, CRISPRi RNA-seq	No released shRNA RNA-seq, CRISPRi RNA-seq in HepG2/K562/GM12878
negative	TF	POU4F3	POU4F3	shRNA RNA-seq, CRISPRi RNA-seq	No released shRNA RNA-seq, CRISPRi RNA-seq in HepG2/K562/GM12878
negative	TF	POU5F1B	POU5F1B	shRNA RNA-seq, CRISPRi RNA-seq	No released shRNA RNA-seq, CRISPRi RNA-seq in HepG2/K562/GM12878
negative	TF	POU6F2	POU6F2	shRNA RNA-seq, CRISPRi RNA-seq	No released shRNA RNA-seq, CRISPRi RNA-seq in HepG2/K562/GM12878
negative	TF	PROP1	PROP1	shRNA RNA-seq, CRISPRi RNA-seq	No released shRNA RNA-seq, CRISPRi RNA-seq in HepG2/K562/GM12878
negative	TF	PRRX1	PRRX1	shRNA RNA-seq, CRISPRi RNA-seq	No released shRNA RNA-seq, CRISPRi RNA-seq in HepG2/K562/GM12878
negative	TF	RAX2	RAX2	shRNA RNA-seq, CRISPRi RNA-seq	No released shRNA RNA-seq, CRISPRi RNA-seq in HepG2/K562/GM12878
negative	TF	RFX2	RFX2	shRNA RNA-seq, CRISPRi RNA-seq	No released shRNA RNA-seq, CRISPRi RNA-seq in HepG2/K562/GM12878
negative	TF	SEBOX	SEBOX	shRNA RNA-seq, CRISPRi RNA-seq	No released shRNA RNA-seq, CRISPRi RNA-seq in HepG2/K562/GM12878
negative	TF	SHOX	SHOX	shRNA RNA-seq, CRISPRi RNA-seq	No released shRNA RNA-seq, CRISPRi RNA-seq in HepG2/K562/GM12878
negative	TF	SHOX2	SHOX2	shRNA RNA-seq, CRISPRi RNA-seq	No released shRNA RNA-seq, CRISPRi RNA-seq in HepG2/K562/GM12878
negative	TF	SIX6	SIX6	shRNA RNA-seq, CRISPRi RNA-seq	No released shRNA RNA-seq, CRISPRi RNA-seq in HepG2/K562/GM12878
negative	TF	SOX11	SOX11	shRNA RNA-seq, CRISPRi RNA-seq	No released shRNA RNA-seq, CRISPRi RNA-seq in HepG2/K562/GM12878
negative	TF	SOX12	SOX12	shRNA RNA-seq, CRISPRi RNA-seq	No released shRNA RNA-seq, CRISPRi RNA-seq in HepG2/K562/GM12878
negative	TF	SOX14	SOX14	shRNA RNA-seq, CRISPRi RNA-seq	No released shRNA RNA-seq, CRISPRi RNA-seq in HepG2/K562/GM12878
negative	TF	SOX15	SOX15	shRNA RNA-seq, CRISPRi RNA-seq	No released shRNA RNA-seq, CRISPRi RNA-seq in HepG2/K562/GM12878
negative	TF	SOX21	SOX21	shRNA RNA-seq, CRISPRi RNA-seq	No released shRNA RNA-seq, CRISPRi RNA-seq in HepG2/K562/GM12878
negative	TF	SOX3	SOX3	shRNA RNA-seq, CRISPRi RNA-seq	No released shRNA RNA-seq, CRISPRi RNA-seq in HepG2/K562/GM12878
negative	TF	SOX30	SOX30	shRNA RNA-seq, CRISPRi RNA-seq	No released shRNA RNA-seq, CRISPRi RNA-seq in HepG2/K562/GM12878
negative	TF	SOX9	SOX9	shRNA RNA-seq, CRISPRi RNA-seq	No released shRNA RNA-seq, CRISPRi RNA-seq in HepG2/K562/GM12878
negative	TF	SRY	SRY	shRNA RNA-seq, CRISPRi RNA-seq	No released shRNA RNA-seq, CRISPRi RNA-seq in HepG2/K562/GM12878
negative	TF	TBP	TBP	shRNA RNA-seq, CRISPRi RNA-seq	No released shRNA RNA-seq, CRISPRi RNA-seq in HepG2/K562/GM12878
negative	TF	TFAP4	TFAP4	shRNA RNA-seq, CRISPRi RNA-seq	No released shRNA RNA-seq, CRISPRi RNA-seq in HepG2/K562/GM12878
negative	TF	TFCP2	TFCP2	shRNA RNA-seq, CRISPRi RNA-seq	No released shRNA RNA-seq, CRISPRi RNA-seq in HepG2/K562/GM12878
negative	TF	TRPS1	TRPS1	shRNA RNA-seq, CRISPRi RNA-seq	No released shRNA RNA-seq, CRISPRi RNA-seq in HepG2/K562/GM12878
negative	TF	VSX2	VSX2	shRNA RNA-seq, CRISPRi RNA-seq	No released shRNA RNA-seq, CRISPRi RNA-seq in HepG2/K562/GM12878
negative	TF	ZBTB2	ZBTB2	shRNA RNA-seq, CRISPRi RNA-seq	No released shRNA RNA-seq, CRISPRi RNA-seq in HepG2/K562/GM12878
negative	TF	ZBTB20	ZBTB20	shRNA RNA-seq, CRISPRi RNA-seq	No released shRNA RNA-seq, CRISPRi RNA-seq in HepG2/K562/GM12878
negative	TF	ZFHX3	ZFHX3	shRNA RNA-seq, CRISPRi RNA-seq	No released shRNA RNA-seq, CRISPRi RNA-seq in HepG2/K562/GM12878
negative	TF	ZKSCAN2	ZKSCAN2	shRNA RNA-seq, CRISPRi RNA-seq	No released shRNA RNA-seq, CRISPRi RNA-seq in HepG2/K562/GM12878
negative	TF	ZNF182	ZNF182	shRNA RNA-seq, CRISPRi RNA-seq	No released shRNA RNA-seq, CRISPRi RNA-seq in HepG2/K562/GM12878
negative	TF	ZNF22	ZNF22	shRNA RNA-seq, CRISPRi RNA-seq	No released shRNA RNA-seq, CRISPRi RNA-seq in HepG2/K562/GM12878
negative	TF	ZNF24	ZNF24	shRNA RNA-seq, CRISPRi RNA-seq	No released shRNA RNA-seq, CRISPRi RNA-seq in HepG2/K562/GM12878
negative	TF	ZNF250	ZNF250	shRNA RNA-seq, CRISPRi RNA-seq	No released shRNA RNA-seq, CRISPRi RNA-seq in HepG2/K562/GM12878
negative	TF	ZNF354B	ZNF354B	shRNA RNA-seq, CRISPRi RNA-seq	No released shRNA RNA-seq, CRISPRi RNA-seq in HepG2/K562/GM12878
negative	TF	ZNF525	ZNF525	shRNA RNA-seq, CRISPRi RNA-seq	No released shRNA RNA-seq, CRISPRi RNA-seq in HepG2/K562/GM12878
negative	TF	ZNF613	ZNF613	shRNA RNA-seq, CRISPRi RNA-seq	No released shRNA RNA-seq, CRISPRi RNA-seq in HepG2/K562/GM12878
neutral	TF	ATF1	ATF1	shRNA RNA-seq, CRISPRi RNA-seq	No released shRNA RNA-seq, CRISPRi RNA-seq in HepG2/K562/GM12878
neutral	TF	DMBX1	DMBX1	shRNA RNA-seq, CRISPRi RNA-seq	No released shRNA RNA-seq, CRISPRi RNA-seq in HepG2/K562/GM12878
neutral	TF	HOXA9	HOXA9	shRNA RNA-seq, CRISPRi RNA-seq	No released shRNA RNA-seq, CRISPRi RNA-seq in HepG2/K562/GM12878
neutral	TF	NANOG	NANOG	shRNA RNA-seq, CRISPRi RNA-seq	No released shRNA RNA-seq, CRISPRi RNA-seq in HepG2/K562/GM12878
neutral	TF	NR4A2	NR4A2	shRNA RNA-seq, CRISPRi RNA-seq	No released shRNA RNA-seq, CRISPRi RNA-seq in HepG2/K562/GM12878
neutral	TF	PITX2	PITX2	shRNA RNA-seq, CRISPRi RNA-seq	No released shRNA RNA-seq, CRISPRi RNA-seq in HepG2/K562/GM12878
neutral	TF	RFX3	RFX3	shRNA RNA-seq, CRISPRi RNA-seq	No released shRNA RNA-seq, CRISPRi RNA-seq in HepG2/K562/GM12878
neutral	TF	SOX1	SOX1	shRNA RNA-seq, CRISPRi RNA-seq	No released shRNA RNA-seq, CRISPRi RNA-seq in HepG2/K562/GM12878
neutral	TF	ZNF197	ZNF197	shRNA RNA-seq, CRISPRi RNA-seq	No released shRNA RNA-seq, CRISPRi RNA-seq in HepG2/K562/GM12878
neutral	TF	ZNF561	ZNF561	shRNA RNA-seq, CRISPRi RNA-seq	No released shRNA RNA-seq, CRISPRi RNA-seq in HepG2/K562/GM12878
neutral	TF	ZNF615	ZNF615	shRNA RNA-seq, CRISPRi RNA-seq	No released shRNA RNA-seq, CRISPRi RNA-seq in HepG2/K562/GM12878
neutral	TF	ZNF766	ZNF766	shRNA RNA-seq, CRISPRi RNA-seq	No released shRNA RNA-seq, CRISPRi RNA-seq in HepG2/K562/GM12878
positive	RBP	BRUNOL6	CELF6	shRNA RNA-seq, CRISPRi RNA-seq	No released shRNA RNA-seq, CRISPRi RNA-seq in HepG2/K562/GM12878
positive	RBP	ENOX1	ENOX1	shRNA RNA-seq, CRISPRi RNA-seq	No released shRNA RNA-seq, CRISPRi RNA-seq in HepG2/K562/GM12878
positive	RBP	ESRP2	ESRP2	shRNA RNA-seq, CRISPRi RNA-seq	No released shRNA RNA-seq, CRISPRi RNA-seq in HepG2/K562/GM12878
positive	RBP	HNRNPH2	HNRNPH2	shRNA RNA-seq, CRISPRi RNA-seq	No released shRNA RNA-seq, CRISPRi RNA-seq in HepG2/K562/GM12878
positive	RBP	PPRC1	PPRC1	shRNA RNA-seq, CRISPRi RNA-seq	No released shRNA RNA-seq, CRISPRi RNA-seq in HepG2/K562/GM12878
positive	RBP	RBM24	RBM24	shRNA RNA-seq, CRISPRi RNA-seq	No released shRNA RNA-seq, CRISPRi RNA-seq in HepG2/K562/GM12878
positive	RBP	RBM38	RBM38	shRNA RNA-seq, CRISPRi RNA-seq	No released shRNA RNA-seq, CRISPRi RNA-seq in HepG2/K562/GM12878
positive	RBP	RBM4	RBM4	shRNA RNA-seq, CRISPRi RNA-seq	No released shRNA RNA-seq, CRISPRi RNA-seq in HepG2/K562/GM12878
positive	RBP	RBM45	RBM45	shRNA RNA-seq, CRISPRi RNA-seq	No released shRNA RNA-seq, CRISPRi RNA-seq in HepG2/K562/GM12878
positive	RBP	RBM4B	RBM4B	shRNA RNA-seq, CRISPRi RNA-seq	No released shRNA RNA-seq, CRISPRi RNA-seq in HepG2/K562/GM12878
positive	RBP	RBM8A	RBM8A	shRNA RNA-seq, CRISPRi RNA-seq	No released shRNA RNA-seq, CRISPRi RNA-seq in HepG2/K562/GM12878
positive	RBP	SAMD4A	SAMD4A	shRNA RNA-seq, CRISPRi RNA-seq	No released shRNA RNA-seq, CRISPRi RNA-seq in HepG2/K562/GM12878
positive	RBP	SRSF4	SRSF4	shRNA RNA-seq, CRISPRi RNA-seq	No released shRNA RNA-seq, CRISPRi RNA-seq in HepG2/K562/GM12878
positive	RBP	SRSF7	SRSF7	shRNA RNA-seq, CRISPRi RNA-seq	No released shRNA RNA-seq, CRISPRi RNA-seq in HepG2/K562/GM12878
positive	RBP	ZC3H10	ZC3H10	shRNA RNA-seq, CRISPRi RNA-seq	No released shRNA RNA-seq, CRISPRi RNA-seq in HepG2/K562/GM12878
negative	RBP	ANKHD1	ANKHD1	shRNA RNA-seq, CRISPRi RNA-seq	No released shRNA RNA-seq, CRISPRi RNA-seq in HepG2/K562/GM12878
negative	RBP	CPEB2	CPEB2	shRNA RNA-seq, CRISPRi RNA-seq	No released shRNA RNA-seq, CRISPRi RNA-seq in HepG2/K562/GM12878
negative	RBP	ELAVL2	ELAVL2	shRNA RNA-seq, CRISPRi RNA-seq	No released shRNA RNA-seq, CRISPRi RNA-seq in HepG2/K562/GM12878
negative	RBP	ENSG00000215042	ENSG00000215042	shRNA RNA-seq, CRISPRi RNA-seq	No released shRNA RNA-seq, CRISPRi RNA-seq in HepG2/K562/GM12878
negative	RBP	Fusip1	SRSF10	shRNA RNA-seq, CRISPRi RNA-seq	No released shRNA RNA-seq, CRISPRi RNA-seq in HepG2/K562/GM12878
negative	RBP	HNRNPR	HNRNPR	shRNA RNA-seq, CRISPRi RNA-seq	No released shRNA RNA-seq, CRISPRi RNA-seq in HepG2/K562/GM12878
negative	RBP	HNRPDL	HNRPDL	shRNA RNA-seq, CRISPRi RNA-seq	No released shRNA RNA-seq, CRISPRi RNA-seq in HepG2/K562/GM12878
negative	RBP	KHDRBS2	KHDRBS2	shRNA RNA-seq, CRISPRi RNA-seq	No released shRNA RNA-seq, CRISPRi RNA-seq in HepG2/K562/GM12878
negative	RBP	KHDRBS3	KHDRBS3	shRNA RNA-seq, CRISPRi RNA-seq	No released shRNA RNA-seq, CRISPRi RNA-seq in HepG2/K562/GM12878
negative	RBP	MEX3B	MEX3B	shRNA RNA-seq, CRISPRi RNA-seq	No released shRNA RNA-seq, CRISPRi RNA-seq in HepG2/K562/GM12878
negative	RBP	MSI1	MSI1	shRNA RNA-seq, CRISPRi RNA-seq	No released shRNA RNA-seq, CRISPRi RNA-seq in HepG2/K562/GM12878
negative	RBP	PABPC3	PABPC3	shRNA RNA-seq, CRISPRi RNA-seq	No released shRNA RNA-seq, CRISPRi RNA-seq in HepG2/K562/GM12878
negative	RBP	PABPC5	PABPC5	shRNA RNA-seq, CRISPRi RNA-seq	No released shRNA RNA-seq, CRISPRi RNA-seq in HepG2/K562/GM12878
negative	RBP	RALY	RALY	shRNA RNA-seq, CRISPRi RNA-seq	No released shRNA RNA-seq, CRISPRi RNA-seq in HepG2/K562/GM12878
negative	RBP	RBM28	RBM28	shRNA RNA-seq, CRISPRi RNA-seq	No released shRNA RNA-seq, CRISPRi RNA-seq in HepG2/K562/GM12878
negative	RBP	RBM41	RBM41	shRNA RNA-seq, CRISPRi RNA-seq	No released shRNA RNA-seq, CRISPRi RNA-seq in HepG2/K562/GM12878
negative	RBP	RBM46	RBM46	shRNA RNA-seq, CRISPRi RNA-seq	No released shRNA RNA-seq, CRISPRi RNA-seq in HepG2/K562/GM12878
negative	RBP	RBM5	RBM5	shRNA RNA-seq, CRISPRi RNA-seq	No released shRNA RNA-seq, CRISPRi RNA-seq in HepG2/K562/GM12878
negative	RBP	RBM6	RBM6	shRNA RNA-seq, CRISPRi RNA-seq	No released shRNA RNA-seq, CRISPRi RNA-seq in HepG2/K562/GM12878
negative	RBP	RBMS1	RBMS1	shRNA RNA-seq, CRISPRi RNA-seq	No released shRNA RNA-seq, CRISPRi RNA-seq in HepG2/K562/GM12878
negative	RBP	SNRPA	SNRPA	shRNA RNA-seq, CRISPRi RNA-seq	No released shRNA RNA-seq, CRISPRi RNA-seq in HepG2/K562/GM12878
negative	RBP	SNRPB2	SNRPB2	shRNA RNA-seq, CRISPRi RNA-seq	No released shRNA RNA-seq, CRISPRi RNA-seq in HepG2/K562/GM12878
negative	RBP	SYNCRIP	SYNCRIP	shRNA RNA-seq, CRISPRi RNA-seq	No released shRNA RNA-seq, CRISPRi RNA-seq in HepG2/K562/GM12878
negative	RBP	YB-1	YBX1	shRNA RNA-seq, CRISPRi RNA-seq	No released shRNA RNA-seq, CRISPRi RNA-seq in HepG2/K562/GM12878
negative	RBP	ZCRB1	ZCRB1	shRNA RNA-seq, CRISPRi RNA-seq	No released shRNA RNA-seq, CRISPRi RNA-seq in HepG2/K562/GM12878
neutral	RBP	BRUNOL4	CELF4	shRNA RNA-seq, CRISPRi RNA-seq	No released shRNA RNA-seq, CRISPRi RNA-seq in HepG2/K562/GM12878
neutral	RBP	BRUNOL5	CELF5	shRNA RNA-seq, CRISPRi RNA-seq	No released shRNA RNA-seq, CRISPRi RNA-seq in HepG2/K562/GM12878
