Class	Category	Original_ID	ENCODE_Target	Assay	Cell_Line	Run_ID	KD_Experiment	Control_Experiment	Used_Replicate_Count	KD_Available_Replicate_Count	Control_Available_Replicate_Count	KD_Description	Control_Description	KD_Link	Control_Link
positive	TF	ERF	ERF	CRISPRi RNA-seq	K562	ERF_K562	ENCSR268DNJ	ENCSR095PIC	2	2	2	RNA-seq on K562 cells treated by CRISPR interference targeting ERF.	RNA-seq on K562 cells treated by CRISPR interference for a non-specific target (batch E control).	https://www.encodeproject.org/experiments/ENCSR268DNJ/	https://www.encodeproject.org/experiments/ENCSR095PIC/
positive	TF	KLF2	KLF2	CRISPRi RNA-seq	K562	KLF2_K562	ENCSR620DOP	ENCSR095PIC	2	2	2	RNA-seq on K562 cells treated by CRISPR interference targeting KLF2.	RNA-seq on K562 cells treated by CRISPR interference for a non-specific target (batch E control).	https://www.encodeproject.org/experiments/ENCSR620DOP/	https://www.encodeproject.org/experiments/ENCSR095PIC/
positive	TF	NRF1	NRF1	CRISPRi RNA-seq	K562	NRF1_K562	ENCSR299HUJ	ENCSR095PIC	2	3	2	RNA-seq on K562 cells treated by CRISPR interference targeting NRF1.	RNA-seq on K562 cells treated by CRISPR interference for a non-specific target (batch E control).	https://www.encodeproject.org/experiments/ENCSR299HUJ/	https://www.encodeproject.org/experiments/ENCSR095PIC/
positive	TF	SMAD5	SMAD5	CRISPRi RNA-seq	K562	SMAD5_K562	ENCSR731FEO	ENCSR095PIC	2	2	2	RNA-seq on K562 cells treated by CRISPR interference targeting SMAD5.	RNA-seq on K562 cells treated by CRISPR interference for a non-specific target (batch E control).	https://www.encodeproject.org/experiments/ENCSR731FEO/	https://www.encodeproject.org/experiments/ENCSR095PIC/
positive	TF	SP1	SP1	CRISPRi RNA-seq	K562	SP1_K562	ENCSR650QAK	ENCSR095PIC	2	3	2	RNA-seq on K562 cells treated by CRISPR interference targeting SP1.	RNA-seq on K562 cells treated by CRISPR interference for a non-specific target (batch E control).	https://www.encodeproject.org/experiments/ENCSR650QAK/	https://www.encodeproject.org/experiments/ENCSR095PIC/
positive	TF	TFDP1	TFDP1	CRISPRi RNA-seq	K562	TFDP1_K562	ENCSR552HTC	ENCSR095PIC	2	2	2	RNA-seq on K562 cells treated by CRISPR interference targeting TFDP1.	RNA-seq on K562 cells treated by CRISPR interference for a non-specific target (batch E control).	https://www.encodeproject.org/experiments/ENCSR552HTC/	https://www.encodeproject.org/experiments/ENCSR095PIC/
negative	TF	ARID3A	ARID3A	CRISPRi RNA-seq	K562	ARID3A_K562	ENCSR898UNK	ENCSR095PIC	2	2	2	RNA-seq on K562 cells treated by CRISPR interference targeting ARID3A.	RNA-seq on K562 cells treated by CRISPR interference for a non-specific target (batch E control).	https://www.encodeproject.org/experiments/ENCSR898UNK/	https://www.encodeproject.org/experiments/ENCSR095PIC/
negative	TF	DLX1	DLX1	CRISPRi RNA-seq	K562	DLX1_K562	ENCSR862UHT	ENCSR095PIC	2	2	2	RNA-seq on K562 cells treated by CRISPR interference targeting DLX1.	RNA-seq on K562 cells treated by CRISPR interference for a non-specific target (batch E control).	https://www.encodeproject.org/experiments/ENCSR862UHT/	https://www.encodeproject.org/experiments/ENCSR095PIC/
negative	TF	HOXB4	HOXB4	CRISPRi RNA-seq	K562	HOXB4_K562	ENCSR359VJC	ENCSR095PIC	2	2	2	RNA-seq on K562 cells treated by CRISPR interference targeting HOXB4.	RNA-seq on K562 cells treated by CRISPR interference for a non-specific target (batch E control).	https://www.encodeproject.org/experiments/ENCSR359VJC/	https://www.encodeproject.org/experiments/ENCSR095PIC/
negative	TF	HOXB9	HOXB9	CRISPRi RNA-seq	K562	HOXB9_K562	ENCSR810RIC	ENCSR016WFQ	2	2	2	RNA-seq on K562 cells treated by CRISPR interference targeting HOXB9.	RNA-seq on K562 cells treated by CRISPR interference for a non-specific target (batch C control).	https://www.encodeproject.org/experiments/ENCSR810RIC/	https://www.encodeproject.org/experiments/ENCSR016WFQ/
negative	TF	ZNF384	ZNF384	CRISPRi RNA-seq	K562	ZNF384_K562	ENCSR103URL	ENCSR016WFQ	2	2	2	RNA-seq on K562 cells treated by CRISPR interference targeting ZNF384.	RNA-seq on K562 cells treated by CRISPR interference for a non-specific target (batch C control).	https://www.encodeproject.org/experiments/ENCSR103URL/	https://www.encodeproject.org/experiments/ENCSR016WFQ/
positive	RBP	DAZAP1	DAZAP1	shRNA RNA-seq	HepG2	DAZAP1_HepG2	ENCSR220TBR	ENCSR042QTH	2	2	2	RNA-seq on HepG2 cells treated with an shRNA knockdown against DAZAP1. (DAZAP1-BGHLV23)	Control shRNA against no target in HepG2 cells followed by RNA-seq. (non-target-BGHLV23)	https://www.encodeproject.org/experiments/ENCSR220TBR/	https://www.encodeproject.org/experiments/ENCSR042QTH/
positive	RBP	FMR1	FMR1	shRNA RNA-seq	K562	FMR1_K562	ENCSR555LCE	ENCSR424QCW	2	2	2	RNA-seq on K562 cells treated with an shRNA knockdown against FMR1. (FMR1_BGKLV36)	Control shRNA against no target in K562 cells followed by RNA-seq. (NT_BGKLV36)	https://www.encodeproject.org/experiments/ENCSR555LCE/	https://www.encodeproject.org/experiments/ENCSR424QCW/
positive	RBP	FXR2	FXR2	shRNA RNA-seq	K562	FXR2_K562	ENCSR139BIJ	ENCSR081EST	2	2	2	RNA-seq on K562 cells treated with an shRNA knockdown against FXR2. (K-FXR2-26B)	RNA-seq on K562 cells treated with a control shRNA against no target. (K-NT-26B)	https://www.encodeproject.org/experiments/ENCSR139BIJ/	https://www.encodeproject.org/experiments/ENCSR081EST/
positive	RBP	hnRNPK	HNRNPK	shRNA RNA-seq	HepG2	HNRNPK_HepG2	ENCSR853ZJS	ENCSR237YZT	2	2	2	shRNA knockdown against HNRNPK in HepG2 cells followed by RNA-seq. (HNRNPK-BGHLV12)	Control shRNA against no target in HepG2 cells followed by RNA-seq. (NT-BGHLV12-01-02)	https://www.encodeproject.org/experiments/ENCSR853ZJS/	https://www.encodeproject.org/experiments/ENCSR237YZT/
positive	RBP	PCBP2	PCBP2	shRNA RNA-seq	HepG2	PCBP2_HepG2	ENCSR028ITN	ENCSR491FOC	2	2	2	shRNA knockdown against PCBP2 in HepG2 cells followed by RNA-seq. (PCBP2 BGHLV14)	Control shRNA against no target in HepG2 cells followed by RNA-seq. (NT BGHLV14)	https://www.encodeproject.org/experiments/ENCSR028ITN/	https://www.encodeproject.org/experiments/ENCSR491FOC/
positive	RBP	SRSF9	SRSF9	shRNA RNA-seq	HepG2	SRSF9_HepG2	ENCSR597XHH	ENCSR603TCV	2	2	2	shRNA knockdown against SRSF9 in HepG2 cells followed by RNA-seq. (SRSF9-BGHLV12)	Control shRNA against no target in HepG2 cells followed by RNA-seq. (NT-BGHLV12-93-94)	https://www.encodeproject.org/experiments/ENCSR597XHH/	https://www.encodeproject.org/experiments/ENCSR603TCV/
negative	RBP	CPEB4	CPEB4	shRNA RNA-seq	K562	CPEB4_K562	ENCSR795VAK	ENCSR031RRO	2	2	2	RNA-seq on K562 cells treated with an shRNA knockdown against CPEB4. (CPEB4_BGKLV25)	Control shRNA against no target in K562 cells followed by RNA-seq. (NT_BGKLV25B)	https://www.encodeproject.org/experiments/ENCSR795VAK/	https://www.encodeproject.org/experiments/ENCSR031RRO/
negative	RBP	CSDA	YBX3	shRNA RNA-seq	HepG2	YBX3_HepG2	ENCSR494VSD	ENCSR305XWT	2	2	2	shRNA knockdown against CSDA in HepG2 cells followed by RNA-seq. (CSDA-30-BGHLV20)	Control shRNA against no target in HepG2 cells followed by RNA-seq. (non-target-BGHLV20)	https://www.encodeproject.org/experiments/ENCSR494VSD/	https://www.encodeproject.org/experiments/ENCSR305XWT/
negative	RBP	EIF4B	EIF4B	shRNA RNA-seq	K562	EIF4B_K562	ENCSR774BXV	ENCSR913CAE	2	2	2	shRNA knockdown against EIF4B in K562 cells followed by RNA-seq. (EIF4B-LV08)	Control shRNA against no target in K562 cells followed by RNA-seq. (Nontarget-LV08)	https://www.encodeproject.org/experiments/ENCSR774BXV/	https://www.encodeproject.org/experiments/ENCSR913CAE/
negative	RBP	FXR1	FXR1	shRNA RNA-seq	K562	FXR1_K562	ENCSR780YFF	ENCSR913CAE	2	2	2	shRNA knockdown against FXR1 in K562 cells followed by RNA-seq. (FXR1-LV08)	Control shRNA against no target in K562 cells followed by RNA-seq. (Nontarget-LV08)	https://www.encodeproject.org/experiments/ENCSR780YFF/	https://www.encodeproject.org/experiments/ENCSR913CAE/
negative	RBP	KHDRBS1	KHDRBS1	shRNA RNA-seq	HepG2	KHDRBS1_HepG2	ENCSR784FTX	ENCSR279HMU	2	2	2	RNA-seq on HepG2 cells treated with an shRNA knockdown against KHDRBS1. (KHDRBS1-BGHLV22)	Control shRNA against no target in HepG2 cells followed by RNA-seq. (non-target-BGHLV22)	https://www.encodeproject.org/experiments/ENCSR784FTX/	https://www.encodeproject.org/experiments/ENCSR279HMU/
negative	RBP	PABPC1	PABPC1	shRNA RNA-seq	K562	PABPC1_K562	ENCSR192GBD	ENCSR419JMU	2	2	2	RNA-seq on K562 cells treated with an shRNA knockdown against PABPC1. (PABPC1_BGKLV24_B)	Control shRNA against no target in K562 cells followed by RNA-seq. (non-target_BGKLV24_B)	https://www.encodeproject.org/experiments/ENCSR192GBD/	https://www.encodeproject.org/experiments/ENCSR419JMU/
negative	RBP	PTBP1	PTBP1	shRNA RNA-seq	K562	PTBP1_K562	ENCSR527IVX	ENCSR129RWD	2	2	2	shRNA knockdown against PTBP1 in K562 cells followed by RNA-seq. (PTBP1-LV11)	Control shRNA against no target in K562 cells followed by RNA-seq. (Nontarget-LV11)	https://www.encodeproject.org/experiments/ENCSR527IVX/	https://www.encodeproject.org/experiments/ENCSR129RWD/
negative	RBP	SART3	SART3	shRNA RNA-seq	K562	SART3_K562	ENCSR954HAY	ENCSR419JMU	2	2	2	RNA-seq on K562 cells treated with an shRNA knockdown against SART3. (SART3_BGKLV24_B)	Control shRNA against no target in K562 cells followed by RNA-seq. (non-target_BGKLV24_B)	https://www.encodeproject.org/experiments/ENCSR954HAY/	https://www.encodeproject.org/experiments/ENCSR419JMU/
negative	RBP	SF3B4	SF3B4	shRNA RNA-seq	HepG2	SF3B4_HepG2	ENCSR148MQK	ENCSR603TCV	2	2	2	shRNA knockdown against SF3B4 in HepG2 cells followed by RNA-seq. (SF3B4-BGHLV12)	Control shRNA against no target in HepG2 cells followed by RNA-seq. (NT-BGHLV12-93-94)	https://www.encodeproject.org/experiments/ENCSR148MQK/	https://www.encodeproject.org/experiments/ENCSR603TCV/
negative	RBP	TARDBP	TARDBP	shRNA RNA-seq	HepG2	TARDBP_HepG2	ENCSR527QNC	ENCSR264TUE	2	2	2	RNA-seq on HepG2 cells treated with an shRNA knockdown against TARDBP. (TARDBP_BGHLV35)	Control shRNA against no target in HepG2 cells followed by RNA-seq. (NT_BGHLV35)	https://www.encodeproject.org/experiments/ENCSR527QNC/	https://www.encodeproject.org/experiments/ENCSR264TUE/
negative	RBP	TIA1	TIA1	shRNA RNA-seq	K562	TIA1_K562	ENCSR694LKY	ENCSR129RWD	2	2	2	shRNA knockdown against TIA1 in K562 cells followed by RNA-seq. (TIA1-LV11)	Control shRNA against no target in K562 cells followed by RNA-seq. (Nontarget-LV11)	https://www.encodeproject.org/experiments/ENCSR694LKY/	https://www.encodeproject.org/experiments/ENCSR129RWD/
negative	RBP	U2AF2	U2AF2	shRNA RNA-seq	HepG2	U2AF2_HepG2	ENCSR426UUG	ENCSR104ABF	2	2	2	RNA-seq on HepG2 cells treated with an shRNA knockdown against U2AF2. (U2AF2_BGHLV26)	Control shRNA against no target in HepG2 cells followed by RNA-seq. (non-target_BGHLV26)	https://www.encodeproject.org/experiments/ENCSR426UUG/	https://www.encodeproject.org/experiments/ENCSR104ABF/
neutral	RBP	HNRNPL	HNRNPL	shRNA RNA-seq	K562	HNRNPL_K562	ENCSR563YIS	ENCSR031RRO	2	2	2	RNA-seq on K562 cells treated with an shRNA knockdown against HNRNPL. (HNRNPL_BGKLV25)	Control shRNA against no target in K562 cells followed by RNA-seq. (NT_BGKLV25B)	https://www.encodeproject.org/experiments/ENCSR563YIS/	https://www.encodeproject.org/experiments/ENCSR031RRO/
neutral	RBP	hnRNPLL	HNRNPLL	shRNA RNA-seq	HepG2	HNRNPLL_HepG2	ENCSR490DYI	ENCSR264TUE	2	2	2	RNA-seq on HepG2 cells treated with an shRNA knockdown against HNRNPLL. (HNRNPLL_BGHLV35)	Control shRNA against no target in HepG2 cells followed by RNA-seq. (NT_BGHLV35)	https://www.encodeproject.org/experiments/ENCSR490DYI/	https://www.encodeproject.org/experiments/ENCSR264TUE/
